Kod produktu,active,stock,price,Nazwa produktu,Kondycja|797|select,Producent|798|select,Model|799|text,Seria procesora|800|select,Stan ekranu|801|text,Stan obudowy|802|text,Procesor|803|select,Ilość rdzeni|805|select,Ilość pamięci RAM|806|select,Dysk|808|select,Licencja|811|select,Ekran dotykowy|814|select,Rozdzielczość ekranu|815|select,Przekątna ekranu|816|select,Rodzaj karty graficznej|818|select,Bateria|823|select,Zainstalowany system|1078|select,1,2,3,4
4622,1,75,1199,"Laptop HP ZBook 14u G5 i5 - 7200U | 16GB 256GB SSD | 14"" 1920 x 1080 | Windows 11 [A-]","""A-"" poleasingowy, przetestowany",HP,ZBook 14u G5,Intel Core i5,Standardowe mikro otarcia/poświatki,"Małe ślady użytkowania w postaci otarć, mało widocznych śladów po naklejce","i5 - 7200U, 3MB Cache, 7 gen.",2,16GB,256GB,Windows 10 Professional,Nie,1920 x 1080,"14""",Dedykowana,"Oryginalna, czas pracy od 1h do 2,5h (używana)",Windows 11 Pro,b,a,b,
4005,1,85,1199,"Laptop HP ZBook 14u G5 i5 - 7200U | 16GB 256GB SSD | 14"" 1920 x 1080 | Windows 10 Professional [A-]","""A-"" poleasingowy, przetestowany",HP,ZBook 14u G5,Intel Core i5,Standardowe mikro otarcia/poświatki,"Małe ślady użytkowania w postaci otarć, mało widocznych śladów po naklejce","i5 - 7200U, 3MB Cache, 7 gen.",2,16GB,256GB,Windows 10 Professional,Nie,1920 x 1080,"14""",Dedykowana,"Oryginalna, czas pracy od 1h do 2,5h (używana)",Windows 10 Professional,b,a,b,
4633,1,84,749,"Laptop Dell Latitude E5550 i5 - 5300U | 8GB 240GB SSD | 15,6"" 1920 x 1080 | Windows 10 Professional [A-]","""A-"" poleasingowy, przetestowany",Dell,Latitude E5550,Intel Core i5,"Możliwe drobne ryski, poświatka, do 3 bad pixeli","Normalne, małe ślady użytkowania","i5 - 5300U, 3MB Cache, 5 gen.",2,8GB,240GB,Windows 8.1 PRO,Nie,1920 x 1080,"15,6""",Dedykowana,"Oryginalna, czas pracy od 1h do 2,5h (używana)",Windows 10 Professional,c,a,b,
4647,1,28,799,"Laptop Lenovo ThinkPad T540p i5 - 4300M | 8GB 180GB SSD | 15,6"" 1920 x 1080 | Windows 10 Professional [A-]","""A-"" poleasingowy, przetestowany",Lenovo,ThinkPad T540p,Intel Core i5,"Możliwe małe otarcia, poświatka",Normalne ślady użytkowania,"i5 - 4300M 3MB Cache, 4 gen.",2,8GB,180GB,Windows 8.1 PRO,Nie,1920 x 1080,"15,6""",Dedykowana,"Oryginalna, czas pracy min. 1h (używana)",Windows 10 Professional,c,a,b,
5088,1,88,849,"Laptop Dell Latitude E5550 i5 - 5300U | 16GB 240GB SSD | 15,6"" 1920 x 1080 | Windows 10 Professional [A-]","""A-"" poleasingowy, przetestowany",Dell,Latitude E5550,Intel Core i5,"Możliwe drobne ryski, poświatka, do 3 bad pixeli","Normalne, małe ślady użytkowania","i5 - 5300U, 3MB Cache, 5 gen.",2,16GB,240GB,Windows 8.1 PRO,Nie,1920 x 1080,"15,6""",Dedykowana,"Oryginalna, czas pracy od 1h do 2,5h (używana)",Windows 10 Professional,c,a,b,
4952,1,133,849,"Laptop Dell Latitude E5550 i5 - 5300U | 8GB 240GB SSD | 15,6"" 1920 x 1080 | Windows 10 Professional [A]","""A"" poleasingowy, przetestowany",Dell,Latitude E5550,Intel Core i5,Bez wad,"Normalne, delikatne ślady użytkowania","i5 - 5300U, 3MB Cache, 5 gen.",2,8GB,240GB,Windows 8.1 PRO,Nie,1920 x 1080,"15,6""",Dedykowana,"Oryginalna, czas pracy od 1h do 2,5h (używana)",Windows 10 Professional,c,a,b,
5533,1,100,888,"Laptop Lenovo ThinkPad T540p i5 - 4300M | 8GB 180GB SSD | 15,6"" 1920 x 1080 | Windows 10 Professional [A]","""A"" poleasingowy, przetestowany",Lenovo,ThinkPad T540p,Intel Core i5,Ekran bez wad,Normalne ślady użytkowania,"i5 - 4300M 3MB Cache, 4 gen.",2,8GB,180GB,Windows 8.1 PRO,Nie,1920 x 1080,"15,6""",Dedykowana,"Oryginalna, czas pracy min. 1h (używana)",Windows 10 Professional,c,a,b,
4243,1,87,899,"Laptop Dell Latitude E5550 i5 - 5300U | 16GB 480GB SSD | 15,6"" 1920 x 1080 | Windows 10 Professional [A-]","""A-"" poleasingowy, przetestowany",Dell,Latitude E5550,Intel Core i5,"Możliwe drobne ryski, poświatka, do 3 bad pixeli","Normalne, małe ślady użytkowania","i5 - 5300U, 3MB Cache, 5 gen.",2,16GB,480GB,Windows 8.1 PRO,Nie,1920 x 1080,"15,6""",Dedykowana,"Oryginalna, czas pracy od 1h do 2,5h (używana)",Windows 10 Professional,c,a,b,
5081,1,134,999,"Laptop Dell Latitude E5550 i5 - 5300U | 16GB 240GB SSD | 15,6"" 1920 x 1080 | Windows 10 Professional [A]","""A"" poleasingowy, przetestowany",Dell,Latitude E5550,Intel Core i5,Bez wad,"Normalne, delikatne ślady użytkowania","i5 - 5300U, 3MB Cache, 5 gen.",2,16GB,240GB,Windows 8.1 PRO,Nie,1920 x 1080,"15,6""",Dedykowana,"Oryginalna, czas pracy od 1h do 2,5h (używana)",Windows 10 Professional,c,a,b,
5977,1,133,1099,"Laptop Dell Latitude E5550 i5 - 5300U | 16GB 960GB SSD | 15,6"" 1920 x 1080 | Windows 10 Professional [A]","""A"" poleasingowy, przetestowany",Dell,Latitude E5550,Intel Core i5,Bez wad,"Normalne, delikatne ślady użytkowania","i5 - 5300U, 3MB Cache, 5 gen.",2,16GB,960GB,Windows 8.1 PRO,Nie,1920 x 1080,"15,6""",Dedykowana,"Oryginalna, czas pracy od 1h do 2,5h (używana)",Windows 10 Professional,c,a,b,
5152,1,20,1199,"Laptop HP ZBook 15u G3 i7-6500U,  | 16GB 512GB 500GB SSD+HDD | 15,6"" 1920 x 1080 | Windows 10 Professional [A-]","""A-"" poleasingowy, przetestowany",HP,ZBook 15u G3,Intel Core i7,"Drobne ryski, otarcia, poświaty",Normalne ślady użytkowania,"i7 - 6500U, 4MB Cache, 6gen.",2,16GB,512GB,Windows 10 Professional,Nie,1920 x 1080,"15,6""",Dedykowana,"Oryginalna, czas pracy min. 1h (używana)",Windows 10 Professional,c,a,b,
4361,1,20,1349,"Laptop HP ZBook 15u G3 i7-6500U,  | 16GB 512GB 500GB SSD+HDD | 15,6"" 1920 x 1080 | Windows 10 Professional [A]","""A"" poleasingowy, przetestowany",HP,ZBook 15u G3,Intel Core i7,Bez wad,Normalne ślady użytkowania,"i7 - 6500U, 4MB Cache, 6gen.",2,16GB,512GB,Windows 10 Professional,Nie,1920 x 1080,"15,6""",Dedykowana,"Oryginalna, czas pracy min. 1h (używana)",Windows 10 Professional,c,a,b,
4986,1,136,1599,"Laptop Dell Latitude E5550 i5 - 5300U | 4GB 120GB SSD | 15,6"" 1920 x 1080 | Windows 10 Professional [A]","""A"" poleasingowy, przetestowany",Dell,Latitude E5550,Intel Core i5,Bez wad,"Normalne, delikatne ślady użytkowania","i5 - 5300U, 3MB Cache, 5 gen.",2,4GB,120GB,Windows 8.1 PRO,Nie,1920 x 1080,"15,6""",Dedykowana,"Oryginalna, czas pracy od 1h do 2,5h (używana)",Windows 10 Professional,c,a,c,
6200,1,23,1799,"Laptop Apple Apple MacBook Pro A1707 2017r. i7 - 7700H | 16GB 256GB SSD | 15,4"" 2880 x 1800 | Mac OS Ventura [A-]","""A-"" poleasingowy, przetestowany",Apple,Apple MacBook Pro A1707 2017r.,Intel Core i7,Małe otarcia,"Normalne ślady użytkowania, małe ryski/otarcia","i7 - 7700HQ, 6MB Cache, 7 gen.",4,16GB,256GB,Brak,Nie,2880 x 1800,"15,4""",Dedykowana,"Oryginalna, czas pracy od 1h do 2,5h (używana)","MacOS 13, Ventura",c,a,c,
4245,1,14,899,"Laptop HP ZBook 15 G2 i7 - 4600M | 16GB 240GB SSD | 15,6"" 1920 x 1080 | Windows 10 Professional [A-]","""A-"" poleasingowy, przetestowany",HP,ZBook 15 G2,Intel Core i7,"Możliwe drobne otarcia, ryski, poświaty",Normalne ślady użytkowania,"i7 - 4600M, 4MB Cache, 4 gen.",4,16GB,240GB,Windows 8.1 PRO,Nie,1920 x 1080,"15,6""",Dedykowana,"Oryginalna, czas pracy min. 1h (używana)",Windows 10 Professional,c,a,b,
3963,1,15,1099,"Laptop Lenovo ThinkPad W541 i7 - 4800M | 16GB 480GB SSD | 15,6"" 1920 x 1080 | Windows 10 Professional [A]","""A"" poleasingowy, przetestowany",Lenovo,ThinkPad W541,Intel Core i7,Bez wad,Normalne ślady użytkowania,"i7 - 4800MQ, 6MB Cache, 4 gen.",4,16GB,480GB,Windows 7 Professional,Nie,1920 x 1080,"15,6""",Dedykowana,"Oryginalna, czas pracy min. 1h (używana)",Windows 10 Professional,c,a,b,
6133,1,18,1099,"Laptop HP ZBook 15 G2 i7 - 4700M | 16GB 480GB SSD | 15,6"" 1920 x 1080 | Windows 10 Professional [A]","""A"" poleasingowy, przetestowany",HP,ZBook 15 G2,Intel Core i7,"""A"" Bez wad matrycy",Normalne ślady użytkowania,"i7 - 4700MQ, 6MB Cache, 4 gen.",4,16GB,480GB,Windows 8.1 PRO,Nie,1920 x 1080,"15,6""",Dedykowana,"Oryginalna, czas pracy min. 1h (używana)",Windows 10 Professional,c,a,b,
5858,1,43,1199,"Laptop HP Zbook 15 G3 i7 - 6700H | 16GB 256GB 1TB SSD+HDD | 15,6"" 1920 x 1080 | Windows 10 lub Windows 11 Pro [A]","""A"" poleasingowy, przetestowany",HP,Zbook 15 G3,Intel Core i7,"Ekran bez wad, klasa ""A""",Normalne ślady użytkowania,"i7 - 6700HQ, 6MB Cache, 6 gen.",4,16GB,256GB,Windows 10 Professional,Nie,1920 x 1080,"15,6""",Dedykowana,"Oryginalna, czas pracy od 1h do 2,5h (używana)",Windows 10 lub 11 Pro,c,a,b,
4875,1,42,1449,"Laptop HP ZBook 15u G6 i7 - 8665U | 16GB 512GB SSD | 15,6"" 1920 x 1080 | Windows 11 Pro [A-]","""A-"" poleasingowy, przetestowany",HP,ZBook 15u G6,Intel Core i7,"Występują drobne ryski, otarcia, poświaty","Normalne, małe ślady użytkowania","i7 - 8665U, 8MB Cache, 8 gen.",4,16GB,512GB,Windows 10 Professional,Nie,1920 x 1080,"15,6""",Dedykowana,"Oryginalna, czas pracy min. 1h (używana)",Windows 11 Pro,c,a,c,
10406,1,10,1699,"Laptop HP ZBook Firefly 15 G7 i7 - 10610 | 16GB 256GB SSD | 15,6"" 1920 x 1080 | Windows 11 Pro [A-]","""A-"" poleasingowy, przetestowany",HP,ZBook Firefly 15 G7,Intel Core i7,"Drobne ryski, otarcia, poświaty",Minimalne ślady użytkowania,"i7 - 10610U, 8MB Cache, 10 gen.",4,16GB,256GB,Windows 10 Professional,Nie,1920 x 1080,"15,6""",Dedykowana,"Oryginalna, czas pracy minimum 1h (używana)",Windows 11 Pro,c,a,c,
5347,1,33,1699,"Laptop HP ZBook 15u G6 i7 - 8665U | 16GB 512GB SSD | 15,6"" 1920 x 1080 | Windows 11 Pro [A]","""A"" poleasingowy, przetestowany",HP,ZBook 15u G6,Intel Core i7,Bez wad,"Normalne, małe ślady użytkowania","i7 - 8665U, 8MB Cache, 8 gen.",4,16GB,512GB,Windows 10 Professional,Nie,1920 x 1080,"15,6""",Dedykowana,"Oryginalna, czas pracy min. 1h (używana)",Windows 11 Pro,c,a,c,
4940,1,16,1749,"Laptop Dell Precision 7520 i7 - 6820H | 32GB 480GB SSD | 15,6"" 1920 x 1080 | Windows 11 Pro [A]","""A"" poleasingowy, przetestowany",Dell,Precision 7520,Intel Core i7,Bez wad,"Normalne, małe ślady użytkowania","i7 - 6820HQ, 8MB Cache, 6 gen.",4,32GB,480GB,Windows 10 Professional,Nie,1920 x 1080,"15,6""",Dedykowana,"Oryginalna, czas pracy min. 1h (używana)",Windows 11 Pro,c,a,c,
4596,1,20,1899,"Laptop Dell Precision 5520 i7 - 6820H | 32GB 480GB SSD | 15,6"" 1920 x 1080 | Windows 11 Pro [A-]","""A-"" poleasingowy, przetestowany",Dell,Precision 5520,Intel Core i7,"Występują drobne ryski, otarcia, poświatki","Normalne, małe ślady użytkowania","i7 - 6820HQ, 8MB Cache, 6 gen.",4,32GB,480GB,Windows 10 Professional,Nie,1920 x 1080,"15,6""",Dedykowana,"Oryginalna, czas pracy min. 1h (używana)",Windows 11 Pro,c,a,c,
10407,1,10,1999,"Laptop HP ZBook Firefly 15 G7 i7 - 10610 | 16GB 256GB SSD | 15,6"" 1920 x 1080 | Windows 11 Pro [A]","""A"" poleasingowy, przetestowany",HP,ZBook Firefly 15 G7,Intel Core i7,Bez wad,Minimalne ślady użytkowania,"i7 - 10610U, 8MB Cache, 10 gen.",4,16GB,256GB,Windows 10 Professional,Nie,1920 x 1080,"15,6""",Dedykowana,"Oryginalna, czas pracy minimum 1h (używana)",Windows 11 Pro,c,a,c,
5577,1,39,2299,"Laptop Apple Apple MacBook Pro A1707 2017r. | 16GB 500GB SSD | 15,6"" | Mac OS 13, Ventura [A-]","""A-"" poleasingowy, przetestowany",Apple,Apple MacBook Pro A1707 2017r.,Intel Core i7,Małe otarcia,"Normalne ślady użytkowania, małe ryski/otarcia. Na klapie ślad po naklejce",i7 7820HQ,4,16GB,500GB,Brak,Nie,,"15,6""",Dedykowana,"Oryginalna, czas pracy min. 2h (używana)","MacOS 13, Ventura",c,a,c,
4771,1,50,2599,"Laptop Apple Apple MacBook Pro A1707 2017r. | 16GB 500GB SSD | 15,6"" | Mac OS 13, Ventura [A-]","""A-"" poleasingowy, przetestowany",Apple,Apple MacBook Pro A1707 2017r.,Intel Core i7,Małe otarcia,"Normalne ślady użytkowania, małe ryski/otarcia",i7 7820HQ,4,16GB,500GB,Brak,Nie,,"15,6""",Dedykowana,"Oryginalna, czas pracy min. 2h (używana)","MacOS 13, Ventura",c,a,c,
6310,1,12,3999,"Laptop Dell XPS 15 9570 i9 - 8950H | 32GB 1TB SSD | 15,6"" 3840 x 2160 | Windows 11 Pro [A]","""A"" poleasingowy, przetestowany",Dell,XPS 15 9570,Intel Core i9,Bez wad,"Normalne, małe ślady użytkowania","i9 - 8950HK, 12MB Cache, 8 gen.",6,32GB,1TB,Windows 11 Pro,Tak,3840 x 2160,"15,6""",Dedykowana,Nowy zamiennik,Windows 11 Pro,c,a,c,
5520,1,11,2899,"Laptop Dell Precision 7730 i7 - 8750H | 32GB 512GB SSD | 17,3"" 1920 x 1080 | Windows 11 Pro [A]","""A"" poleasingowy, przetestowany",Dell,Precision 7730,Intel Core i7,Bez wad,"Normalne, małe ślady użytkowania","i7 - 8750H, 9MB Cache, 8 gen.",6,32GB,512GB,Windows 10 Professional,Nie,1920 x 1080,"17,3""",Dedykowana,"Oryginalna, czas pracy min. 1h (używana)",Windows 11 Pro,c,a,c,
5838,1,44,2999,"Laptop HP ZBook 17 G5 i7 - 8850H | 32GB 1TB 500GB SSD+HDD | 17,3"" 1920 x 1080 | Windows 11 Pro [A]","""A"" poleasingowy, przetestowany",HP,ZBook 17 G5,,Bez wad,"Normalne, małe slady użytkowania","i7 - 8850H, 9MB Cache, 8 gen.",6,32GB,1TB,Windows 11 Pro,Nie,1920 x 1080,"17,3""",Dedykowana,"Oryginalna, czas pracy min. 1h (używana)",Windows 11 Pro,c,a,c,
5601,1,21,3999,"Laptop HP ZBook 17 G5 i7 - 9850H | 32GB 1TB 1TB SSD+HDD | 17,3"" 1920 x 1080 | Windows 11 Pro [A]","""A"" poleasingowy, przetestowany",HP,ZBook 17 G5,Intel Core i7,Bez wad,"Normalne, małe slady użytkowania","i7 - 9850H, 12MB Cache, 9 gen.",6,32GB,1TB,Windows 11 Pro,Nie,1920 x 1080,"17,3""",Dedykowana,"Oryginalna, czas pracy min. 1h (używana)",Windows 11 Pro,c,a,c,
5604,1,45,3090,"Laptop Apple Apple MacBook Pro A1990 2019r. i9 - 9880H | 32GB 512GB SSD | 15,6"" 2880 x 1800 | MacOS 13, Ventura [A-]","""A-"" poleasingowy, przetestowany",Apple,Apple MacBook Pro A1990 2019r.,Intel Core i9,Mikro otarcia,"Normalne ślady użytkowania, małe ryski/otarcia","i9 - 9880H, 16MB Cache, 9 gen.",8,32GB,512GB,Mac OS,Nie,2880 x 1800,"15,6""",Dedykowana,"Oryginalna, czas pracy min. 1h (używana)","MacOS 13, Ventura",c,a,c,
4590,1,24,3499,"Laptop Apple MacBook Pro A2141 2019r. i9 - 9880H | 32GB 1TB SSD | 16"" | MacOS 13, Ventura [A-]","""A-"" poleasingowy, przetestowany",Apple,MacBook Pro A2141 2019r.,Intel Core i9,"Minimalne otarcia, praktycznie niewidoczne przy włączonym ekranie",Normalne ślady użytkowania,"i9 - 9880H, 16MB Cache, 9 gen.",8,32GB,1TB,Brak,Nie,,"16""",Dedykowana,"Oryginalna, czas pracy min. 1h (używana)","MacOS 13, Ventura",c,a,c,
6311,1,13,3999,"Laptop Apple MacBook Pro A2141 2019r. i9 - 9880H | 32GB 1TB SSD | 16"" | MacOS 13, Ventura [A]","""A"" poleasingowy, przetestowany",Apple,MacBook Pro A2141 2019r.,Intel Core i9,Bez wad,Normalne ślady użytkowania,"i9 - 9880H, 16MB Cache, 9 gen.",8,32GB,1TB,Brak,Nie,,"16""",Dedykowana,"Oryginalna, czas pracy min. 1h (używana)","MacOS 13, Ventura",c,a,c,
4908,1,18,799,"Laptop HP ZBook 15 G2 i5 - 4300M | 16GB 240GB SSD | 15,6"" 1920 x 1080 | Windows 10 Professional [A-]","""A-"" poleasingowy, przetestowany",HP,ZBook 15 G2,Intel Core i5,"Występują ryski, otarcia, poświatki",Normalne ślady użytkowania,"i5 - 4300M 3MB Cache, 4 gen.",,16GB,240GB,Windows 7 Professional,Nie,1920 x 1080,"15,6""",Dedykowana,"Oryginalna, czas pracy min. 1h (używana)",Windows 10 Professional,c,a,b,
5281,1,20,222,"Laptop Asus Chromebook C204E | 4GB 32GB SSD | 11,6"" 1366 x 768 | Chrome OS [A]","""A"" poleasingowy, przetestowany",Asus,Chromebook C204E,Intel Celeron,Bez wad,"Normalne ślady użytkowania, możliwy skin na klapie",,2,4GB,32GB,Chrome OS,Nie,1366 x 768,"11,6""",Zintegrowana,"Oryginalna, czas pracy min. 2h (używana)",Chrome OS,a,b,a,
4019,1,15,299,"Laptop Dell Chromebook 3100 2-in-1 | 4GB 32GB | 11,6"" 1366 x 768 | ChromeOS [A]","""A"" poleasingowy, przetestowany",Dell,Chromebook 3100 2-in-1,Intel Celeron,Bez wad,Normalne ślady użytkowania,,2,4GB,32GB,,Tak,1366 x 768,"11,6""",Zintegrowana,"Oryginalna, czas pracy od 2h do 4h (używana)",Chrome OS,a,b,a,
4309,1,20,299,"Laptop Acer Chromebook R752 | 4GB 32GB | 11,6"" 1366 x 768 | Chrome OS [A]","""A"" poleasingowy, przetestowany",Acer,Chromebook R752,Intel Celeron,Bez wad,"Normalne ślady użytkowania, możliwy skin",,2,4GB,32GB,Chrome OS,Tak,1366 x 768,"11,6""",Zintegrowana,"Oryginalna, czas pracy od 2h do 4h (używana)",Chrome OS,a,b,a,
4496,1,16,799,"Laptop Lenovo Miix 510-12IKB i5 - 7200U | 8GB 256GB SSD | 12,2"" 1920 x 1080 | Windows 11 Pro [A-]","""A-"" poleasingowy, przetestowany",Lenovo,Miix 510-12IKB,Intel Core i5,"Występują poświatki, drobne otarcia, ryski","Normalne, małe ślady użytkowania, naklejony profesjonalnie wykonany skin","i5 - 7200U, 3MB Cache, 7 gen.",2,8GB,256GB,Windows 10 Professional,Tak,1920 x 1080,"12,2""",Zintegrowana,"Oryginalna, czas pracy min. 1h (używana)",Windows 11 Pro,a,b,b,
5085,1,34,475,"Laptop HP EliteBook 820 G3 i5 - 6200U | 8GB 240GB SSD | 12,5"" 1366 x 768 | Windows 10 Professional [A-]","""A-"" poleasingowy, przetestowany",HP,EliteBook 820 G3,Intel Core i5,"Możliwe drobne ryski, poświatki",Normalne ślady użytkowania,"i5 - 6200U, 3MB Cache, 6 gen.",2,8GB,240GB,Windows 10 Professional,Nie,1366 x 768,"12,5""",Zintegrowana,"Oryginalna, czas pracy od 2h do 4h (używana)",Windows 10 Professional,a,b,a,
4577,1,64,549,"Laptop Dell Latitude 5290 i5 - 7300U | 8GB 256GB SSD | 12,5"" 1366 x 768 | Windows 11 Pro [A-]","""A-"" poleasingowy, przetestowany",Dell,Latitude 5290,Intel Core i5,"Możliwe delikatne otarcia, poświatki,ryski","Normalne, małe ślady użytkowania","i5 - 7300U, 3MB Cache, 7 gen.",2,8GB,256GB,Windows 10 Professional,Nie,1366 x 768,"12,5""",Zintegrowana,"Oryginalna, czas pracy od 1h do 2,5h (używana)",Windows 11 Pro,a,b,a,
4110,1,20,599,"Laptop Dell Latitude 5289 i5 - 7300U | 8GB 240GB SSD | 12,5"" 1920 x 1080 | Windows 11 Pro [A-]","""A-"" poleasingowy, przetestowany",Dell,Latitude 5289,Intel Core i5,"Możliwe drobne ryski, otarcia, poświatki","Normalne ślady użytkowania, ryski/otarcia na klapie","i5 - 7300U, 3MB Cache, 7 gen.",2,8GB,240GB,Windows 10 Professional,Tak,1920 x 1080,"12,5""",Zintegrowana,"Oryginalna, czas pracy min. 1h (używana)",Windows 11 Pro,a,b,a,
4373,1,62,599,"Laptop Dell Latitude 5290 i5 - 7300U | 8GB 256GB SSD | 12,5"" 1366 x 768 | Windows 11 Pro [A]","""A"" poleasingowy, przetestowany",Dell,Latitude 5290,Intel Core i5,Bez wad,"Normalne, małe ślady użytkowania","i5 - 7300U, 3MB Cache, 7 gen.",2,8GB,256GB,Windows 10 Professional,Nie,1366 x 768,"12,5""",Zintegrowana,"Oryginalna, czas pracy od 1h do 2,5h (używana)",Windows 11 Pro,a,b,a,
6035,1,16,699,"Laptop Dell Latitude 7290 i5 - 7300U | 8GB 256GB SSD | 12,5"" 1366 x 768 | Windows 11 Pro [A]","""A"" poleasingowy, przetestowany",Dell,Latitude 7290,Intel Core i5,Bez wad,"Normalne, delikatne ślady użytkowania","i5 - 7300U, 3MB Cache, 7 gen.",2,8GB,256GB,Windows 10 Professional,Nie,1366 x 768,"12,5""",Zintegrowana,"Oryginalna, czas pracy min. 1,5h (używana)",Windows 11 Pro,a,b,b,
5661,1,18,699,"Laptop Fujitsu Lifebook U728 i5 - 7200U | 16GB 480GB SSD | 12,5"" 1920 x 1080 | Windows 10 lub Windows 11 Pro [A]","""A"" poleasingowy, przetestowany",Fujitsu,Lifebook U728,Intel Core i5,Bez wad,"Normalne ślady użytkowania, na klapie możliwy skin","i5 - 7200U, 3MB Cache, 7 gen.",2,16GB,480GB,Windows 10 Professional,Nie,1920 x 1080,"12,5""",Zintegrowana,"Oryginalna, czas pracy min. 1h (używana)",Windows 10 lub 11 Pro,a,b,b,
4028,1,70,699,"Laptop Fujitsu Lifebook U727 i7 - 7600U | 16GB 480GB SSD | 12,5"" 1920 x 1080 | Windows 10 lub 11 Pro [A]","""A"" poleasingowy, przetestowany",Fujitsu,Lifebook U727,Intel Core i7,Bez wad,"Normalne ślady użytkowania, na klapie możliwy skin","i7 - 7600U, 4MB Cache, 7 gen.",2,16GB,480GB,Windows 10 Professional,Tak,1920 x 1080,"12,5""",Zintegrowana,"Oryginalna, czas pracy min. 1,5h (używana)",Windows 10 lub 11 Pro,a,b,b,
5628,1,10,399,"Laptop Dell Latitude E6330 i5 - 3340M | 4GB 120GB SSD | 13,3"" 1366 x 768 | Windows 10 Professional [A]","""A"" poleasingowy, przetestowany",Dell,Latitude E6330,Intel Core i5,Bez wad,"Normalne, delikatne ślady użytkowania","i5 - 3340M, 3MB Cache, 3 gen.",2,4GB,120GB,Windows 7 Professional,Nie,1366 x 768,"13,3""",Zintegrowana,"Oryginalna, czas pracy od 1h do 2,5h (używana)",Windows 10 Professional,a,b,a,
5644,1,19,444,"Laptop HP ProBook 430 G3 i3 - 6100U | 8GB 120GB 500GB SSD+HDD | 13,3"" 1366 x 768 | Windows 11 Pro [A-]","""A-"" poleasingowy, przetestowany",HP,ProBook 430 G3,Intel Core i5,Możliwe poświatki/otarcia na matrycy,"Normalne,delikatne ślady użytkowania","i3 - 6100U, 3MB Cache, 6 gen.",2,8GB,120GB,Windows 10 Professional,Nie,1366 x 768,"13,3""",Zintegrowana,"Oryginalna, czas pracy min. 1h (używana)",Windows 11 Pro,a,b,a,
5278,1,15,499,"Laptop HP ProBook 430 G3 i5 - 6200U | 8GB 120GB 320GB SSD+HDD | 13,3"" 1366 x 768 | Windows 11 Pro [A-]","""A-"" poleasingowy, przetestowany",HP,ProBook 430 G3,Intel Core i5,Możliwe poświatki/otarcia na matrycy,"Normalne,delikatne ślady użytkowania","i5 - 6200U, 3MB Cache, 6 gen.",2,8GB,120GB,Windows 10 Professional,Nie,1366 x 768,"13,3""",Zintegrowana,"Oryginalna, czas pracy min. 1h (używana)",Windows 11 Pro,a,b,a,
5316,1,20,499,"Laptop Fujitsu LifeBook E734 i5 - 4300M | 8GB 240GB SSD | 13,3"" 1366 x 768 | Windows 10 Professional [A-]","""A-"" poleasingowy, przetestowany",Fujitsu,LifeBook E734,Intel Core i5,"Możliwe drobne poświatki, ryski/otarcia","Normalne, delikatne ślady użytkowania, profesjonalny skin na klapie","i5 - 4300M 3MB Cache, 4 gen.",2,8GB,240GB,Windows 8.1 PRO,Nie,1366 x 768,"13,3""",Zintegrowana,"Oryginalna, czas pracy od 1h do 2,5h (używana)",Windows 10 Professional,a,b,a,
5810,1,20,499,"Laptop HP ProBook 430 G3 i3 - 6100U | 8GB 120GB 500GB SSD+HDD | 13,3"" 1366 x 768 | Windows 11 Pro [A]","""A"" poleasingowy, przetestowany",HP,ProBook 430 G3,Intel Core i5,Bez wad,"Normalne,delikatne ślady użytkowania","i3 - 6100U, 3MB Cache, 6 gen.",2,8GB,120GB,Windows 10 Professional,Nie,1366 x 768,"13,3""",Zintegrowana,"Oryginalna, czas pracy min. 1h (używana)",Windows 11 Pro,a,b,a,
3987,1,15,500,"Laptop Toshiba Portege R30-A i3 - 4000M | 8GB 240GB SSD | 13,3"" 1366 x 768 | Windows 10 Home [A]","""A"" poleasingowy, przetestowany",Toshiba,Portege R30-A,Intel Core i3,Bez wad,"Normalne ślady użytkowania, możliwy skin na klapie","i3 - 4000M, 3MB Cache, 4 gen.",2,8GB,240GB,Windows 8 Home,Nie,1366 x 768,"13,3""",Zintegrowana,"Oryginalna, czas pracy min. 1h (używana)",Windows 10 Home,a,b,a,
5654,1,10,599,"Laptop Lenovo ThinkPad 13 20J1 i5 - 7200U | 8GB 256GB SSD | 13,3"" 1920 x 1080 | Windows 10 Professional [A-]","""A-"" poleasingowy, przetestowany",Lenovo,ThinkPad 13 20J1,Intel Core i5,"Klasa ""A-"", otarcia/ryski od klawiatury","Normalne ślady użytkowania, na klapie i palmreście możliwy profesjonalny skin","i5 - 7200U, 3MB Cache, 7 gen.",2,8GB,256GB,Windows 10 Professional,Nie,1920 x 1080,"13,3""",Zintegrowana,"Oryginalna, czas pracy min. 1h (używana)",Windows 10 Professional,a,b,a,
4475,1,15,599,"Laptop HP ProBook 430 G3 i5 - 6200U | 8GB 120GB 320GB SSD+HDD | 13,3"" 1366 x 768 | Windows 11 Professional [A]","""A"" poleasingowy, przetestowany",HP,ProBook 430 G3,Intel Core i5,"""A"" Bez wad matrycy","Normalne,delikatne ślady użytkowania","i5 - 6200U, 3MB Cache, 6 gen.",2,8GB,120GB,Windows 10 Professional,Nie,1366 x 768,"13,3""",Zintegrowana,"Oryginalna, czas pracy min. 1h (używana)",Windows 11 Pro,a,b,a,
5249,1,17,649,"Laptop Fujitsu LifeBook T936 i5 - 6300U | 8GB 240GB SSD | 13,3"" 1920 x 1080 | Windows 11 Pro [A-]","""A-"" poleasingowy, przetestowany",Fujitsu,LifeBook T936,Intel Core i5,"Możliwe drobne ryski,  otarcia, poświatki","Normalne, delikatne ślady użytkowania","i5 - 6300U, 3MB Cache, 6 gen.",2,8GB,240GB,Windows 10 Professional,Tak,1920 x 1080,"13,3""",Zintegrowana,"Oryginalna, czas pracy min. 1h (używana)",Windows 11 Pro,a,b,a,
6199,1,17,649,"Laptop HP ProBook 430 G5 i5 - 8250U | 8GB 240GB 500GB SSD+HDD | 13,3"" 1366 x 768 | Windows 10 Professional [A-]","""A-"" poleasingowy, przetestowany",HP,ProBook 430 G5,Intel Core i5,"Występują drobne ryski, otarcia, poświatki",Normalne ślady użytkowania,"i5 - 8250U, 6MB Cache, 8 gen.",2,8GB,240GB,Windows 10 Professional,Nie,1366 x 768,"13,3""",Zintegrowana,"Oryginalna, czas pracy min. 2h (używana)",Windows 10 Professional,a,b,a,
6113,1,17,749,"Laptop HP ProBook 430 G5 i5 - 8250U | 8GB 240GB 500GB SSD+HDD | 13,3"" 1366 x 768 | Windows 10 Professional [A]","""A"" poleasingowy, przetestowany",HP,ProBook 430 G5,Intel Core i5,Bez wad,Normalne ślady użytkowania,"i5 - 8250U, 6MB Cache, 8 gen.",2,8GB,240GB,Windows 10 Professional,Nie,1366 x 768,"13,3""",Zintegrowana,"Oryginalna, czas pracy min. 2h (używana)",Windows 10 Professional,a,b,b,
10365,1,300,899,"Laptop Panasonic ToughBook CF-31 MK3 i5 - 3340M | 16GB 120GB SSD | 13,3"" 1024 x 768 | Windows 10 Pro [A]","""A"" poleasingowy, przetestowany",Panasonic,ToughBook CF-31 MK3,Intel Core i5,"Delikatne, ledwo widoczne otarcia typowe dla ekranów dotykowych",Normalne ślady użytkowania,"i5 - 3340M, 3MB Cache, 3 gen.",2,16GB,120GB,Windows 7 Professional,Tak,1024 x 768,"13,3""",Zintegrowana,"Oryginalna, czas pracy minimum 1h (używana)",Windows 10 Professional,a,b,b,
10356,1,100,1099,"Laptop Panasonic ToughBook CF-31 MK5 i5 - 5300U | 16GB 120GB SSD | 13,3"" 1024 x 768 | Windows 10 Pro [A]","""A"" poleasingowy, przetestowany",Panasonic,ToughBook CF-31 MK5,Intel Core i5,"Delikatne, ledwo widoczne otarcia typowe dla ekranów dotykowych",Normalne ślady użytkowania,"i5 - 5300U, 3MB Cache, 5 gen.",2,16GB,120GB,Windows 7 Professional,Tak,1024 x 768,"13,3""",Zintegrowana,"Oryginalna, czas pracy minimum 1h (używana)",Windows 10 Professional,a,b,b,
4318,1,29,425,"Laptop Dell Latitude E5410 i5 - 430M, | 8GB 240GB SSD | 14"" 1280 x 800 | Windows 10 Professional [A]","""A"" poleasingowy, przetestowany",Dell,Latitude E5410,Intel Core i5,Bez wad,"Normalne ślady użytkowania, możliwy skin na klapie","i5 - 430M, 3MB Cache, 1 gen.",2,8GB,240GB,Windows 7 Professional,Nie,1280 x 800,"14""",Zintegrowana,"Oryginalna, czas pracy min. 0,5h (używana)",Windows 10 Professional,b,b,a,
4086,1,37,425,"Laptop Acer TravelMate P645 i3 - 4010U | 8GB 120GB 500GB SSD+HDD | 14"" 1366 x 768 | Windows 10 Pro [A-]","""A-"" poleasingowy, przetestowany",Acer,TravelMate P645,Intel Core i3,"Drobne ryski, otarcia, poświaty",Normalne ślady użytkowania,"i3 - 4010U, 3MB Cache, 4 gen.",2,8GB,120GB,Windows 8.1 PRO,Nie,1366 x 768,"14""",Zintegrowana,"Oryginalna, czas pracy min. 1h (używana)",Windows 10 Professional,b,b,a,
5184,1,43,485,"Laptop Lenovo ThinkPad T440s i5 - 4200U | 8GB 240GB SSD | 14"" 1600 x 900 | Windows 10 Professional [A-]","""A-"" poleasingowy, przetestowany",Lenovo,ThinkPad T440s,Intel Core i5,"Możliwe małe ryski, poświatka","Normalne, delikatne ślady użytkowania","i5 - 4200U 3MB Cache, 4 gen.",2,8GB,240GB,Windows 7 Professional,Nie,1600 x 900,"14""",Zintegrowana,"Oryginalna, czas pracy od 1h do 2,5h (używana)",Windows 10 Professional,b,b,a,
3827,1,492,494,"Laptop Lenovo ThinkPad T440p i5 - 4300M | 16GB 240GB SSD | 14"" 1366 x 768 | Windows 10 Professional [A-]","""A-"" poleasingowy, przetestowany",Lenovo,ThinkPad T440p,Intel Core i5,"Występują drobne ryski, otarcia, poświatki","Normalne, delikatne ślady użytkowania","i5 - 4300M 3MB Cache, 4 gen.",2,16GB,240GB,Windows 7 Professional,Nie,1366 x 768,"14""",Zintegrowana,Nowy zamiennik,Windows 10 Professional,b,b,a,
5179,1,16,499,"Laptop Dell Latitude E5470 i5 - 6300U | 8GB 240GB SSD | 14"" 1366 x 768 | Windows 11 Pro [A-]","""A-"" poleasingowy, przetestowany",Dell,Latitude E5470,Intel Core i5,"Możliwe delikatne otarcia, poświaty","Normalne, delikatne ślady użytkowania, możliwy profesjonalnie przygotowany skin na klapie","i5 - 6300U, 3MB Cache, 6 gen.",2,8GB,240GB,Windows 10 Professional,Nie,1366 x 768,"14""",Zintegrowana,"Oryginalna, czas pracy od 1h do 2,5h (używana)",Windows 11 Pro,b,b,a,
10368,1,43,499,"Laptop Lenovo ThinkPad T460 i5 - 6300U | 16GB 240GB SSD | 14"" 1920 x 1080 | Windows 10 Professional [A-]","""A-"" poleasingowy, przetestowany",Lenovo,ThinkPad T460,Intel Core i5,"Drobne ryski, otarcia, poświatki na ekranie!","Normalne, delikatne ślady użytkowania","i5 - 6300U, 3MB Cache, 6 gen.",2,16GB,240GB,Windows 10 Professional,Nie,1920 x 1080,"14""",Zintegrowana,"Oryginalna, czas pracy od 1h do 2,5h (używana)",Windows 10 Professional,b,b,a,
4619,1,44,499,"Laptop Fujitsu Lifebook U747 i5 - 6200U | 8GB 256GB SSD | 14"" 1920 x 1080 | Windows 10 Professional [A-]","""A-"" poleasingowy, przetestowany",Fujitsu,Lifebook U747,Intel Core i5,"Występują ryski, otarcia, poświaty","Normalne, delikatne ślady użytkowania","i5 - 6200U, 3MB Cache, 6 gen.",2,8GB,256GB,Windows 10 Professional,Nie,1920 x 1080,"14""",Zintegrowana,"Oryginalna, czas pracy od 1h do 2,5h (używana)",Windows 10 Professional,b,b,a,
10369,1,46,499,"Laptop Lenovo ThinkPad T460s i5 - 6300U | 8GB 256GB SSD | 14"" 1920 x 1080 | Windows 11 Pro [A-]","""A-"" poleasingowy, przetestowany",Lenovo,ThinkPad T460s,Intel Core i5,"Drobne ryski, otarcia, poświatki na ekranie!",Normalne ślady użytkowania,"i5 - 6300U, 3MB Cache, 6 gen.",2,8GB,256GB,Windows 10 Professional,Nie,1920 x 1080,"14""",Zintegrowana,"Oryginalna, czas pracy minimum 1h (używana)",Windows 11 Pro,b,b,a,
5133,1,50,499,"Laptop Dell Latitude E5440 i5 - 4300U | 8GB 240GB SSD | 14"" 1366 x 768 | Windows 10 Professional [A-]","""A-"" poleasingowy, przetestowany",Dell,Latitude E5440,Intel Core i5,Możliwe poświatki /otarcia na matrycy,Normalne ślady użytkowania,"i5 - 4300U, 3MB Cache, 4 gen.",2,8GB,240GB,Windows 7 Professional,Nie,1366 x 768,"14""",Zintegrowana,"Oryginalna, czas pracy min. 1h (używana)",Windows 10 Professional,b,b,a,
5669,1,44,549,"Laptop HP EliteBook 840 G3 i5 - 6300U | 8GB 128GB 500GB SSD+HDD | 14"" 1366 x 768 | Windows 10 Professional [A-]","""A-"" poleasingowy, przetestowany",HP,EliteBook 840 G3,Intel Core i5,"Małe ryski, poświatka","Normalne, delikatne ślady użytkowania","i5 - 6300U, 3MB Cache, 6 gen.",2,8GB,128GB,Windows 10 Professional,Nie,1366 x 768,"14""",Zintegrowana,"Oryginalna, czas pracy od 1h do 2,5h (używana)",Windows 10 Professional,b,b,a,
4151,1,78,549,"Laptop Dell Latitude E7470 i5 - 6300U | 8GB 240GB SSD | 14"" 1366 x 768 | Windows 10 Professional [A]","""A"" poleasingowy, przetestowany",Dell,Latitude E7470,Intel Core i5,Bez wad,"Normalne, delikatne ślady użytkowania","i5 - 6300U, 3MB Cache, 6 gen.",2,8GB,240GB,Windows 10 Professional,Nie,1366 x 768,"14""",Zintegrowana,"Oryginalna, czas pracy od 2h do 4h (używana)",Windows 10 Professional,b,b,a,
4927,1,19,555,"Laptop Dell Latitude E7450 i5 - 5300U | 8GB 120GB SSD | 14"" 1366 x 768 | Windows 10 Professional [A]","""A"" poleasingowy, przetestowany",Dell,Latitude E7450,Intel Core i5,Bez wad,"Normalne, delikatne ślady użytkowania","i5 - 5300U, 3MB Cache, 5 gen.",2,8GB,120GB,Windows 10 Professional,Nie,1366 x 768,"14""",Zintegrowana,"Oryginalna, czas pracy od 1h do 2,5h (używana)",Windows 10 Professional,b,b,a,
10367,1,44,555,"Laptop Lenovo ThinkPad T460 i5 - 6300U | 16GB 240GB SSD | 14"" 1920 x 1080 | Windows 10 Professional [A]","""A"" poleasingowy, przetestowany",Lenovo,ThinkPad T460,Intel Core i5,"Bez wad, nowa matryca!","Normalne, delikatne ślady użytkowania","i5 - 6300U, 3MB Cache, 6 gen.",2,16GB,240GB,Windows 10 Professional,Nie,1920 x 1080,"14""",Zintegrowana,"Oryginalna, czas pracy od 1h do 2,5h (używana)",Windows 10 Professional,b,b,a,
5840,1,22,575,"Laptop Lenovo ThinkPad T470 i5 - 6200U | 8GB 256GB SSD | 14"" 1920 x 1080 | Windows 10 Professional [A-]","""A-"" poleasingowy, przetestowany",Lenovo,ThinkPad T470,Intel Core i5,"Możliwe otarcia, poświatka","Normalne, delikatne ślady użytkowania","i5 - 6200U, 3MB Cache, 6 gen.",2,8GB,256GB,Windows 10 Professional,Nie,1920 x 1080,"14""",Zintegrowana,"Oryginalna, czas pracy od 2h do 4h (używana)",Windows 10 Professional,b,b,a,
6117,1,11,599,"Laptop Dell Latitude E6440 i5 - 4300M | 16GB 240GB SSD | 14"" 1366 x 768 | Windows 10 Professional [A]","""A"" poleasingowy, przetestowany",Dell,Latitude E6440,Intel Core i5,Bez wad,Normalne ślady użytkowania,"i5 - 4300M 3MB Cache, 4 gen.",2,16GB,240GB,Windows 7 Professional,Nie,1366 x 768,"14""",Zintegrowana,"Oryginalna, czas pracy min. 1h (używana)",Windows 10 Professional,b,b,a,
6122,1,34,599,"Laptop Lenovo ThinkPad T450s i5 - 5300U | 8GB 240GB SSD | 14"" 1920 x 1080 | Windows 10 Professional [A]","""A"" poleasingowy, przetestowany",Lenovo,ThinkPad T450s,Intel Core i5,Bez wad - nowa matryca FHD (brak funkcji regulacji poziomu jasności),"Normalne, delikatne ślady użytkowania","i5 - 5300U, 3MB Cache, 5 gen.",2,8GB,240GB,Windows 7 Professional,Nie,1920 x 1080,"14""",Zintegrowana,"Oryginalna, czas pracy od 2h do 4h (używana)",Windows 10 Professional,b,b,a,
4532,1,41,599,"Laptop Fujitsu Lifebook U747 i5 - 6200U | 8GB 256GB SSD | 14"" 1920 x 1080 | Windows 10 Professional [A]","""A"" poleasingowy, przetestowany",Fujitsu,Lifebook U747,Intel Core i5,Bez wad,"Normalne, delikatne ślady użytkowania","i5 - 6200U, 3MB Cache, 6 gen.",2,8GB,256GB,Windows 10 Professional,Nie,1920 x 1080,"14""",Zintegrowana,"Oryginalna, czas pracy od 1h do 2,5h (używana)",Windows 10 Professional,b,b,a,
4957,1,489,649,"Laptop Lenovo ThinkPad T440p i5 - 4300M | 16GB 240GB SSD | 14"" 1920 x 1080 | Windows 10 Professional [A]","""A"" poleasingowy, przetestowany",Lenovo,ThinkPad T440p,Intel Core i5,Bez wad - NOWA MATRYCA,"Normalne, delikatne ślady użytkowania","i5 - 4300M 3MB Cache, 4 gen.",2,16GB,240GB,Windows 7 Professional,Nie,1920 x 1080,"14""",Zintegrowana,Nowy zamiennik,Windows 10 Professional,b,b,a,
5315,1,24,655,"Laptop Lenovo ThinkPad T440 i5 - 4300U | 8GB 240GB SSD | 14"" 1366 x 768 | Windows 10 Professional [A]","""A"" poleasingowy, przetestowany",Lenovo,ThinkPad T440,Intel Core i5,Bez wad,"Normalne, małe ślady użytkowania","i5 - 4300U, 3MB Cache, 4 gen.",2,8GB,240GB,Windows 8.1 PRO,Nie,1366 x 768,"14""",Zintegrowana,"Oryginalna, czas pracy od 1h do 2,5h (używana)",Windows 10 Professional,b,b,a,
6112,1,13,669,"Laptop HP EliteBook 840 G3 i5 - 6300U | 8GB 128GB SSD | 14"" 1920 x 1080 | Windows 10 Professional [A-]","""A-"" poleasingowy, przetestowany",HP,EliteBook 840 G3,Intel Core i5,"Małe ryski, poświatka","Normalne, delikatne ślady użytkowania","i5 - 6300U, 3MB Cache, 6 gen.",2,8GB,128GB,Windows 10 Professional,Nie,1920 x 1080,"14""",Zintegrowana,"Oryginalna, czas pracy od 1h do 2,5h (używana)",Windows 10 Professional,b,b,a,
5925,1,10,699,"Laptop Lenovo ThinkPad X1 Yoga 1 gen. i5 - 6200U | 8GB 240GB SSD | 14"" 2560 x 1440 | Windows 10 Professional [A-]","""A-"" poleasingowy, przetestowany",Lenovo,ThinkPad X1 Yoga 1 gen.,Intel Core i5,"Możliwe otarcia, ryski, poświaty","Normalne, małe ślady użytkowania","i5 - 6200U, 3MB Cache, 6 gen.",2,8GB,240GB,Windows 10 Professional,Tak,2560 x 1440,"14""",Zintegrowana,"Oryginalna, czas pracy min. 1h (używana)",Windows 10 Professional,b,b,b,
5760,1,13,699,"Laptop HP EliteBook 840 G3 i5 - 6300U | 8GB 240GB SSD | 14"" 1366 x 768 | Windows 10 Professional [A]","""A"" poleasingowy, przetestowany",HP,EliteBook 840 G3,Intel Core i5,Bez wad,"Normalne, delikatne ślady użytkowania","i5 - 6300U, 3MB Cache, 6 gen.",2,8GB,240GB,Windows 10 Professional,Nie,1366 x 768,"14""",Zintegrowana,"Oryginalna, czas pracy od 1h do 2,5h (używana)",Windows 10 Professional,b,b,b,
5437,1,19,699,"Laptop Dell Latitude E5470 i5 - 6300U | 8GB 240GB SSD | 14"" 1920 x 1080 | Windows 11 Pro [A]","""A"" poleasingowy, przetestowany",Dell,Latitude E5470,Intel Core i5,Bez wad - nowa matryca!,"Normalne, delikatne ślady użytkowania, możliwy profesjonalnie przygotowany skin na klapie","i5 - 6300U, 3MB Cache, 6 gen.",2,8GB,240GB,Windows 10 Professional,Nie,1920 x 1080,"14""",Zintegrowana,"Oryginalna, czas pracy od 1h do 2,5h (używana)",Windows 11 Pro,b,b,b,
3903,1,79,699,"Laptop Lenovo ThinkPad T470 i5 - 6200U | 8GB 256GB SSD | 14"" 1920 x 1080 | Windows 10 Professional [A]","""A"" poleasingowy, przetestowany",Lenovo,ThinkPad T470,Intel Core i5,Bez wad - nowa matryca!,"Normalne, delikatne ślady użytkowania","i5 - 6200U, 3MB Cache, 6 gen.",2,8GB,256GB,Windows 10 Professional,Nie,1920 x 1080,"14""",Zintegrowana,"Oryginalna, czas pracy od 2h do 4h (używana)",Windows 10 Professional,b,b,b,
5390,1,89,699,"Laptop Dell Latitude 5480 i5 - 7300U | 8GB 256GB SSD | 14"" 1366 x 768 | Windows 11 Pro [A-]","""A-"" poleasingowy, przetestowany",Dell,Latitude 5480,Intel Core i5,"Delikatne ryski, otarcia, poświatki","Normalne, delikatne ślady użytkowania","i5 - 7300U, 3MB Cache, 7 gen.",2,8GB,256GB,Windows 10 Professional,Nie,1366 x 768,"14""",Zintegrowana,"Oryginalna, czas pracy od 2h do 4h (używana)",Windows 11 Pro,b,b,b,
4814,1,196,699,"Laptop Dell Latitude E7470 i5 - 6300U | 8GB 240GB SSD | 14"" 1600 x 900 | Windows 10 Professional [A-]","""A-"" poleasingowy, przetestowany",Dell,Latitude E7470,Intel Core i5,"Możliwe małe otarcia, poświatka","Normalne, delikatne ślady użytkowania","i5 - 6300U, 3MB Cache, 6 gen.",2,8GB,240GB,Windows 10 Professional,Nie,1600 x 900,"14""",Zintegrowana,"Oryginalna, czas pracy od 2h do 4h (używana)",Windows 10 Professional,b,b,b,
4017,1,21,749,"Laptop Lenovo ThinkPad X1 Yoga 2nd Generation i5 - 7300U | 8GB 256GB SSD | 14"" 2560 x 1440 | Windows 11 Pro [A-]","""A-"" poleasingowy, przetestowany",Lenovo,ThinkPad X1 Yoga 2nd Generation,Intel Core i5,"Występują delikatne otarcia, ryski, poświatki","Normalne, małe ślady użytkowania","i5 - 7300U, 3MB Cache, 7 gen.",2,8GB,256GB,Windows 10 Professional,Tak,2560 x 1440,"14""",Zintegrowana,"Oryginalna, czas pracy min. 1h (używana)",Windows 11 Pro,b,b,b,
5029,1,28,749,"Laptop Lenovo ThinkPad T480 i5 - 7200U | 8GB 256GB SSD | 14"" 1920 x 1080 | Windows 11 Pro [A-]","""A-"" poleasingowy, przetestowany",Lenovo,ThinkPad T480,Intel Core i5,"Występują drobne ryski, otarcia, poświatki",Normalne ślady użytkowania,"i5 - 7200U, 3MB Cache, 7 gen.",2,8GB,256GB,Windows 10 Professional,Nie,1920 x 1080,"14""",Zintegrowana,"Oryginalna, czas pracy min. 2h (używana)",Windows 11 Pro,b,b,b,
5845,1,51,749,"Laptop Dell Latitude E7470 i5 - 6300U | 8GB 240GB SSD | 14"" 1920 x 1080 | Windows 11 Pro [A]","""A"" poleasingowy, przetestowany",Dell,Latitude E7470,Intel Core i5,Bez wad - nowa matryca!,"Normalne, delikatne ślady użytkowania","i5 - 6300U, 3MB Cache, 6 gen.",2,8GB,240GB,Windows 10 Professional,Nie,1920 x 1080,"14""",Zintegrowana,"Oryginalna, czas pracy od 2h do 4h (używana)",Windows 11 Pro,b,b,b,
4091,1,99,749,"Laptop Dell Latitude 5490 i5 - 7300U | 8GB 256GB SSD | 14"" 1366 x 768 | Windows 11 Pro [A-]","""A-"" poleasingowy, przetestowany",Dell,Latitude 5490,Intel Core i5,"Delikatne, ledwo widoczne otarcia, mikro poświatki","Normalne,delikatne ślady użytkowania","i5 - 7300U, 3MB Cache, 7 gen.",2,8GB,256GB,Windows 10 Professional,Nie,1366 x 768,"14""",Zintegrowana,"Oryginalna, czas pracy min. 1,5h (używana)",Windows 11 Pro,b,b,b,
5862,1,99,749,"Laptop Dell Latitude 5480 i5 - 7300U | 8GB 256GB SSD | 14"" 1366 x 768 | Windows 11 Pro [A]","""A"" poleasingowy, przetestowany",Dell,Latitude 5480,Intel Core i5,Bez wad,"Normalne, delikatne ślady użytkowania","i5 - 7300U, 3MB Cache, 7 gen.",2,8GB,256GB,Windows 10 Professional,Nie,1366 x 768,"14""",Zintegrowana,"Oryginalna, czas pracy od 2h do 4h (używana)",Windows 11 Pro,b,b,b,
4937,1,498,749,"Laptop Lenovo ThinkPad T440p i7 - 4600M | 16GB 240GB SSD | 14"" 1920 x 1080 | Windows 10 Professional [A]","""A"" poleasingowy, przetestowany",Lenovo,ThinkPad T440p,Intel Core i7,Bez wad - NOWA MATRYCA,"Normalne, delikatne ślady użytkowania","i7 - 4600M, 4MB Cache, 4 gen.",2,16GB,240GB,Windows 7 Professional,Nie,1920 x 1080,"14""",Zintegrowana,Nowy zamiennik,Windows 10 Professional,b,b,b,
5439,1,10,799,"Laptop Dell Latitude 7480 i5 - 6300U | 16GB 256GB SSD | 14"" 1920 x 1080 | Windows 10 Professional [A-]","""A-"" poleasingowy, przetestowany",Dell,Latitude 7480,Intel Core i5,"Możliwe drobne ryski, poświatki",Normalne ślady użytkowania,"i5 - 6300U, 3MB Cache, 6 gen.",2,16GB,256GB,Windows 10 Professional,Nie,1920 x 1080,"14""",Zintegrowana,"Oryginalna, czas pracy od 1h do 2,5h (używana)",Windows 10 Professional,b,b,b,
5847,1,10,799,"Laptop Dell Latitude 7480 i5 - 6300U | 8GB 256GB SSD | 14"" 1920 x 1080 | Windows 10 Professional [A]","""A"" poleasingowy, przetestowany",Dell,Latitude 7480,Intel Core i5,Bez wad,"Normalne, delikatne ślady użytkowania","i5 - 6300U, 3MB Cache, 6 gen.",2,8GB,256GB,Windows 10 Professional,Nie,1920 x 1080,"14""",Zintegrowana,"Oryginalna, czas pracy od 1h do 2,5h (używana)",Windows 10 Professional,b,b,b,
6001,1,32,799,"Laptop Lenovo ThinkPad X1 Yoga 1 gen. i7 - 6600U | 8GB 256GB SSD | 14"" 2560 x 1440 | Windows 11 Pro [A-]","""A-"" poleasingowy, przetestowany",Lenovo,ThinkPad X1 Yoga 1 gen.,Intel Core i7,"Występują drobne ryski, otarcia, poświatki","Normalne, małe ślady użytkowania","i7 - 6600U, 4MB Cache, 6 gen.",2,8GB,256GB,Windows 10 Professional,Tak,2560 x 1440,"14""",Zintegrowana,"Oryginalna, czas pracy min. 1h (używana)",Windows 11 Pro,b,b,b,
4560,1,92,799,"Laptop Dell Latitude 5490 i5 - 7300U | 8GB 256GB SSD | 14"" 1366 x 768 | Windows 11 Pro [A]","""A"" poleasingowy, przetestowany",Dell,Latitude 5490,Intel Core i5,Bez wad,"Normalne,delikatne ślady użytkowania","i5 - 7300U, 3MB Cache, 7 gen.",2,8GB,256GB,Windows 10 Professional,Nie,1366 x 768,"14""",Zintegrowana,"Oryginalna, czas pracy min. 1,5h (używana)",Windows 11 Pro,b,b,b,
5997,1,85,849,"Laptop Lenovo ThinkPad T470 i5 - 6200U | 16GB 480GB SSD | 14"" 1920 x 1080 | Windows 10 Professional [A]","""A"" poleasingowy, przetestowany",Lenovo,ThinkPad T470,Intel Core i5,Bez wad,"Normalne, delikatne ślady użytkowania","i5 - 6200U, 3MB Cache, 6 gen.",2,16GB,480GB,Windows 10 Professional,Nie,1920 x 1080,"14""",Zintegrowana,"Oryginalna, czas pracy od 2h do 4h (używana)",Windows 10 Professional,b,b,b,
10421,1,30,899,"Laptop Panasonic Toughbook CF-53 i5 - 3340M | 8GB 500GB HDD | 14"" 1366 x 768 | Windows 10 Professional [A-]","""A-"" poleasingowy, przetestowany",Panasonic,Toughbook CF-53,Intel Core i5,"Drobne ryski, otarcia, poswiatki","Normalne ślady użytkowania, możliwy skin","i5 - 3340M, 3MB Cache, 3 gen.",2,8GB,500GB,Windows 8.1 PRO,Nie,1366 x 768,"14""",Zintegrowana,"Oryginalna, czas pracy minimum 1h (używana)",Windows 10 Professional,b,b,b,
6220,1,41,899,"Laptop HP EliteBook 840 G3 i5 - 6300U | 16GB 128GB 500GB SSD+HDD | 14"" 1366 x 768 | Windows 10 Professional [A]","""A"" poleasingowy, przetestowany",HP,EliteBook 840 G3,Intel Core i5,Bez wad,"Normalne, delikatne ślady użytkowania","i5 - 6300U, 3MB Cache, 6 gen.",2,16GB,128GB,Windows 10 Professional,Nie,1366 x 768,"14""",Zintegrowana,"Oryginalna, czas pracy od 1h do 2,5h (używana)",Windows 10 Professional,b,b,b,
5162,1,46,899,"Laptop Lenovo ThinkPad T460s i5 - 6300U | 8GB 256GB SSD | 14"" 1920 x 1080 | Windows 11 Pro [A]","""A"" poleasingowy, przetestowany",Lenovo,ThinkPad T460s,Intel Core i5,Bez wad,Normalne ślady użytkowania,"i5 - 6300U, 3MB Cache, 6 gen.",2,8GB,256GB,Windows 10 Professional,Nie,1920 x 1080,"14""",Zintegrowana,"Oryginalna, czas pracy min. 1h (używana)",Windows 11 Pro,b,b,b,
6115,1,59,900,"Laptop Dell Latitude 5490 i5 - 7300U | 8GB 256GB SSD | 14"" 1920 x 1080 | Windows 11 Pro [A]","""A"" poleasingowy, przetestowany",Dell,Latitude 5490,Intel Core i5,Bez wad,"Normalne,delikatne ślady użytkowania","i5 - 7300U, 3MB Cache, 7 gen.",2,8GB,256GB,Windows 10 Professional,Nie,1920 x 1080,"14""",Zintegrowana,"Oryginalna, czas pracy min. 1,5h (używana)",Windows 11 Pro,b,b,b,
4975,1,10,949,"Laptop Dell Latitude 7480 i5 - 6300U | 16GB 512GB SSD | 14"" 1920 x 1080 | Windows 10 Professional [A]","""A"" poleasingowy, przetestowany",Dell,Latitude 7480,Intel Core i5,Bez wad,"Normalne, delikatne ślady użytkowania","i5 - 6300U, 3MB Cache, 6 gen.",2,16GB,512GB,Windows 10 Professional,Nie,1920 x 1080,"14""",Zintegrowana,"Oryginalna, czas pracy od 1h do 2,5h (używana)",Windows 10 Professional,b,b,b,
4042,1,12,949,"Laptop HP EliteBook 840 G3 i5 - 6300U | 16GB 128GB 500GB SSD+HDD | 14"" 1920 x 1080 | Windows 10 Professional [A]","""A"" poleasingowy, przetestowany",HP,EliteBook 840 G3,Intel Core i5,Bez wad,"Normalne, delikatne ślady użytkowania","i5 - 6300U, 3MB Cache, 6 gen.",2,16GB,128GB,Windows 10 Professional,Tak,1920 x 1080,"14""",Zintegrowana,"Oryginalna, czas pracy od 1h do 2,5h (używana)",Windows 10 Professional,b,b,b,
3934,1,94,949,"Laptop Dell Latitude 5480 i5 - 7300U | 8GB 256GB SSD | 14"" 1920 x 1080 | Windows 11 Pro [A]","""A"" poleasingowy, przetestowany",Dell,Latitude 5480,Intel Core i5,Bez wad,"Normalne, delikatne ślady użytkowania","i5 - 7300U, 3MB Cache, 7 gen.",2,8GB,256GB,Windows 10 Professional,Nie,1920 x 1080,"14""",Zintegrowana,"Oryginalna, czas pracy od 2h do 4h (używana)",Windows 11 Pro,b,b,b,
10423,1,30,999,"Laptop Panasonic Toughbook CF-53 i5 - 4310U | 8GB 500GB HDD | 14"" 1366 x 768 | Windows 10 Professional [A-]","""A-"" poleasingowy, przetestowany",Panasonic,Toughbook CF-53,Intel Core i5,"Drobne ryski, otarcia, poświatki","Normalne ślady użytkowania, możliwy skin","i5 - 4310U, 3MB Cache, 4 gen.",2,8GB,500GB,Windows 8.1 PRO,Nie,1366 x 768,"14""",Zintegrowana,"Oryginalna, czas pracy minimum 1h (używana)",Windows 10 Professional,b,b,b,
4083,1,49,999,"Laptop Dell Latitude E7470 i5 - 6300U | 16GB 480GB SSD | 14"" 2560 x 1440 | Windows 10 Professional [A]","""A"" poleasingowy, przetestowany",Dell,Latitude E7470,Intel Core i5,Bez wad,"Normalne, delikatne ślady użytkowania","i5 - 6300U, 3MB Cache, 6 gen.",2,16GB,480GB,Windows 10 Professional,Tak,2560 x 1440,"14""",Zintegrowana,"Oryginalna, czas pracy od 2h do 4h (używana)",Windows 10 Professional,b,b,b,
6209,1,171,999,"Laptop Dell Latitude E7470 i5 - 6300U | 8GB 512GB SSD | 14"" 1600 x 900 | Windows 10 Professional [Powystawowy]",Powystawowy / Leżak magazynowy,Dell,Latitude E7470,Intel Core i5,Bez wad,,"i5 - 6300U, 3MB Cache, 6 gen.",2,8GB,512GB,Windows 10 Professional,Nie,1600 x 900,"14""",Zintegrowana,Nowy zamiennik,Windows 10 Professional,b,b,b,
4798,1,49,1099,"Laptop Dell Latitude 7480 i7 - 6600U | 16GB 512GB SSD | 14"" 1920 x 1080 | Windows 10 Professional [A]","""A"" poleasingowy, przetestowany",Dell,Latitude 7480,Intel Core i7,Bez wad,"Normalne, delikatne ślady użytkowania","i7 - 6600U, 4MB Cache, 6 gen.",2,16GB,512GB,Windows 10 Professional,Nie,1920 x 1080,"14""",Zintegrowana,"Oryginalna, czas pracy od 1h do 2,5h (używana)",Windows 10 Professional,b,b,b,
5801,1,24,1149,"Laptop Lenovo ThinkPad X1 Yoga 1 gen. i5 - 6200U | 8GB 240GB SSD | 14"" 2560 x 1440 | Windows 10 Professional [A]","""A"" poleasingowy, przetestowany",Lenovo,ThinkPad X1 Yoga 1 gen.,Intel Core i5,Bez wad,"Normalne, małe ślady użytkowania","i5 - 6200U, 3MB Cache, 6 gen.",2,8GB,240GB,Windows 10 Professional,Tak,2560 x 1440,"14""",Zintegrowana,"Oryginalna, czas pracy min. 1h (używana)",Windows 10 Professional,b,b,b,
10422,1,30,1149,"Laptop Panasonic Toughbook CF-53 i5 - 3340M | 16GB 240GB SSD | 14"" 1366 x 768 | Windows 10 Professional [A]","""A"" poleasingowy, przetestowany",Panasonic,Toughbook CF-53,Intel Core i5,Bez wad,"Normalne ślady użytkowania, możliwy skin","i5 - 3340M, 3MB Cache, 3 gen.",2,16GB,240GB,Windows 8.1 PRO,Nie,1366 x 768,"14""",Zintegrowana,"Oryginalna, czas pracy minimum 1h (używana)",Windows 10 Professional,b,b,b,
4797,1,50,1149,"Laptop Dell Latitude E7470 i5 - 6300U | 16GB 960GB SSD | 14"" 2560 x 1440 | Windows 10 Professional [A]","""A"" poleasingowy, przetestowany",Dell,Latitude E7470,Intel Core i5,Bez wad,"Normalne, delikatne ślady użytkowania","i5 - 6300U, 3MB Cache, 6 gen.",2,16GB,960GB,Windows 10 Professional,Tak,2560 x 1440,"14""",Zintegrowana,"Oryginalna, czas pracy od 2h do 4h (używana)",Windows 10 Professional,b,b,b,
5343,1,20,1199,"Laptop Lenovo ThinkPad X1 Yoga 2nd Generation i5 - 7300U | 8GB 256GB SSD | 14"" 2560 x 1440 | Windows 11 Pro [A]","""A"" poleasingowy, przetestowany",Lenovo,ThinkPad X1 Yoga 2nd Generation,Intel Core i5,Bez wad,"Normalne, małe ślady użytkowania","i5 - 7300U, 3MB Cache, 7 gen.",2,8GB,256GB,Windows 10 Professional,Tak,2560 x 1440,"14""",Zintegrowana,"Oryginalna, czas pracy min. 1h (używana)",Windows 11 Pro,b,b,b,
3803,1,98,1199,"Laptop Lenovo ThinkPad T440 i5 - 4300U | 8GB 240GB SSD | 14"" 1920 x 1080 | Windows 10 Professional [A]","""A"" poleasingowy, przetestowany",Lenovo,ThinkPad T440,Intel Core i5,Bez wad,"Normalne, delikatne ślady użytkowania","i5 - 4300U, 3MB Cache, 4 gen.",2,8GB,240GB,Windows 8.1 PRO,Nie,1920 x 1080,"14""",Zintegrowana,"Oryginalna, czas pracy od 1h do 2,5h (używana)",Windows 10 Professional,b,b,b,
3892,1,192,1199,"Laptop Dell Latitude E7470 i5 - 6300U | 8GB 512GB SSD | 14"" 1920 x 1080 | Windows 10 Professional [Powystawowy]",Powystawowy / Leżak magazynowy,Dell,Latitude E7470,Intel Core i5,Bez wad,,"i5 - 6300U, 3MB Cache, 6 gen.",2,8GB,512GB,Windows 10 Professional,Nie,1920 x 1080,"14""",Zintegrowana,Nowy zamiennik,Windows 10 Professional,b,b,b,
10424,1,30,1249,"Laptop Panasonic Toughbook CF-53 i5 - 4310U | 16GB 240GB SSD | 14"" 1366 x 768 | Windows 10 Professional [A]","""A"" poleasingowy, przetestowany",Panasonic,Toughbook CF-53,Intel Core i5,Bez wad,"Normalne ślady użytkowania, możliwy skin","i5 - 4310U, 3MB Cache, 4 gen.",2,16GB,240GB,Windows 8.1 PRO,Nie,1366 x 768,"14""",Zintegrowana,"Oryginalna, czas pracy minimum 1h (używana)",Windows 10 Professional,b,b,b,
5583,1,39,1249,"Laptop Dell Latitude 7480 i5 - 6300U | 32GB 1TB SSD | 14"" 1920 x 1080 | Windows 10 Professional [A]","""A"" poleasingowy, przetestowany",Dell,Latitude 7480,Intel Core i5,Bez wad,"Normalne, delikatne ślady użytkowania","i5 - 6300U, 3MB Cache, 6 gen.",2,32GB,1TB,Windows 10 Professional,Nie,1920 x 1080,"14""",Zintegrowana,"Oryginalna, czas pracy od 1h do 2,5h (używana)",Windows 10 Professional,b,b,b,
4598,1,48,1249,"Laptop Dell Latitude 7480 i7 - 7600U | 16GB 512GB SSD | 14"" 1920 x 1080 | Windows 10 Professional [A]","""A"" poleasingowy, przetestowany",Dell,Latitude 7480,Intel Core i7,Bez wad,"Normalne, delikatne ślady użytkowania","i7 - 7600U, 4MB Cache, 7 gen.",2,16GB,512GB,Windows 10 Professional,Nie,1920 x 1080,"14""",Zintegrowana,"Oryginalna, czas pracy od 1h do 2,5h (używana)",Windows 10 Professional,b,b,b,
4021,1,27,349,"Laptop Fujitsu LifeBook E780 i3 - 370M, | 8GB 120GB SSD | 15,6"" 1366 x 768 | Windows 10 Professional [A-]","""A-"" poleasingowy, przetestowany",Fujitsu,LifeBook E780,Intel Core i3,Możliwe małe poświatki/ryski,"Normalne, delikatne ślady użytkowania","i3 - 370M, 3MB Cache, 1 gen.",2,8GB,120GB,Windows 7 Professional,Nie,1366 x 768,"15,6""",Zintegrowana,"Oryginalna, czas pracy od 1h do 2,5h (używana)",Windows 10 Professional,c,b,a,
5560,1,10,499,"Laptop Dell Latitude E5520 i5 - 2410M | 16GB 120GB SSD | 15,6"" 1366 x 768 | Windows 10 Professional [A]","""A"" poleasingowy, przetestowany",Dell,Latitude E5520,Intel Core i5,Bez wad,"Normalne ślady użykowania, na klapie profesjonalny skin","i5 - 2410M, 3MB Cache, 2 gen.",2,16GB,120GB,Windows 7 Professional,Nie,1366 x 768,"15,6""",Zintegrowana,"Oryginalna, czas pracy min. 1h (używana)",Windows 10 Professional,c,b,a,
4714,1,17,555,"Laptop Dell Latitude E5530 i5 - 3210M | 16GB 240GB SSD | 15,6"" 1366 x 768 | Windows 10 Professional [A-]","""A-"" poleasingowy, przetestowany",Dell,Latitude E5530,Intel Core i5,"Drobne ryski, otarcia, poświatki",Normalne ślady użytkowania,"i5 - 3210M, 3MB Cache, 3 gen.",2,16GB,240GB,Windows 7 Professional,Nie,1366 x 768,"15,6""",Zintegrowana,"Oryginalna, czas pracy min. 1h (używana)",Windows 10 Professional,c,b,a,
4071,1,185,575,"Laptop Lenovo ThinkPad T550 i5 - 5200U | 8GB 240GB SSD | 15,6"" 1366 x 768 | Windows 10 Professional [A-]","""A-"" poleasingowy, przetestowany",Lenovo,ThinkPad T550,Intel Core i5,"Poświatki, drobne otarcia/ryski",Normalne ślady użytkowania,"i5 - 5200U, 3MB Cache, 5 gen.",2,8GB,240GB,Windows 10 Professional,Nie,1366 x 768,"15,6""",Zintegrowana,"Oryginalna, czas pracy min. 2h (używana)",Windows 10 Professional,c,b,a,
5937,1,99,599,"Laptop Fujitsu Lifebook E756 i5 - 6200U | 16GB 256GB SSD | 15,6"" 1920 x 1080 | Windows 10 lub 11 Professional [A-]","""A-"" poleasingowy, przetestowany",Fujitsu,Lifebook E756,Intel Core i5,"Możliwe małe ryski, poświatka",Normalne ślady użytkowania,"i5 - 6200U, 3MB Cache, 6 gen.",2,16GB,256GB,Windows 10 Professional,Nie,1920 x 1080,"15,6""",Zintegrowana,"Oryginalna, czas pracy min. 1h (używana)",Windows 10 lub 11 Pro,c,b,a,
5693,1,38,649,"Laptop Lenovo ThinkPad T560 i5 - 6200U | 16GB 256GB SSD | 15,6"" 1920 x 1080 | Windows 10 Professional [A-]","""A-"" poleasingowy, przetestowany",Lenovo,ThinkPad T560,Intel Core i5,"Występują drobne ryski, otarcia, poświatki","Normalne,delikatne ślady użytkowania","i5 - 6200U, 3MB Cache, 6 gen.",2,16GB,256GB,Windows 10 Professional,Nie,1920 x 1080,"15,6""",Zintegrowana,"Oryginalna, czas pracy min. 1h (używana)",Windows 10 Professional,c,b,a,
5903,1,16,749,"Laptop HP ProBook 650 G2 i5 - 6200U | 8GB 120GB SSD | 15,6"" 1920 x 1080 | Windows 10 Professional [A-]","""A-"" poleasingowy, przetestowany",HP,ProBook 650 G2,Intel Core i5,"Drobne otarcia, ryski, poświatki","Normalne, delikatne ślady użytkowania","i5 - 6200U, 3MB Cache, 6 gen.",2,8GB,120GB,Windows 10 Professional,Nie,1920 x 1080,"15,6""",Zintegrowana,"Oryginalna, czas pracy od 1h do 2,5h (używana)",Windows 10 Professional,c,b,b,
4152,1,35,749,"Laptop Lenovo ThinkPad T560 i5 - 6200U | 16GB 256GB SSD | 15,6"" 1920 x 1080 | Windows 10 Professional [A]","""A"" poleasingowy, przetestowany",Lenovo,ThinkPad T560,Intel Core i5,Bez wad matrycy,"Normalne,delikatne ślady użytkowania","i5 - 6200U, 3MB Cache, 6 gen.",2,16GB,256GB,Windows 10 Professional,Nie,1920 x 1080,"15,6""",Zintegrowana,"Oryginalna, czas pracy min. 1h (używana)",Windows 10 Professional,c,b,b,
5944,1,91,799,"Laptop Lenovo ThinkPad T560 i5 - 6200U | 16GB 480GB SSD | 15,6"" 1920 x 1080 | Windows 10 Professional [A]","""A"" poleasingowy, przetestowany",Lenovo,ThinkPad T560,Intel Core i5,Bez wad matrycy,"Normalne,delikatne ślady użytkowania","i5 - 6200U, 3MB Cache, 6 gen.",2,16GB,480GB,Windows 10 Professional,Nie,1920 x 1080,"15,6""",Zintegrowana,"Oryginalna, czas pracy min. 1h (używana)",Windows 10 Professional,c,b,b,
4293,1,10,825,"Laptop Dell Latitude E5570 i5 - 6200U | 8GB 256GB SSD | 15,6"" 1366 x 768 | Windows 10 Professional [A-]","""A-"" poleasingowy, przetestowany",Dell,Latitude E5570,Intel Core i5,"Możliwe drobne ryski, otarcia, poświaty",Normalne ślady użytkowania,"i5 - 6200U, 3MB Cache, 6 gen.",2,8GB,256GB,Windows 10 Professional,Nie,1366 x 768,"15,6""",Zintegrowana,"Oryginalna, czas pracy od 2h do 4h (używana)",Windows 10 Professional,c,b,b,
5664,1,10,849,"Laptop HP ProBook 450 G5 i3 - 7100U | 8GB 256GB 320GB SSD+HDD | 15,6"" 1366 x 768 | Windows 10 Professional [A]","""A"" poleasingowy, przetestowany",HP,ProBook 450 G5,Intel Core i3,Bez wad,Normalne ślady użytkowania,"i3 - 7100U, 3MB Cache, 7 gen.",2,8GB,256GB,Windows 10 Professional,Nie,1366 x 768,"15,6""",Zintegrowana,"Oryginalna, czas pracy min. 1h (używana)",Windows 10 Professional,c,b,b,
4568,1,99,849,"Laptop Lenovo ThinkPad T550 i5 - 5200U | 16GB 240GB SSD | 15,6"" 1920 x 1080 | Windows 10 Professional [A]","""A"" poleasingowy, przetestowany",Lenovo,ThinkPad T550,Intel Core i5,Bez wad,Normalne ślady użytkowania,"i5 - 5200U, 3MB Cache, 5 gen.",2,16GB,240GB,Windows 10 Professional,Nie,1920 x 1080,"15,6""",Zintegrowana,"Oryginalna, czas pracy min. 2h (używana)",Windows 10 Professional,c,b,b,
5077,1,17,899,"Laptop Dell Latitude 5580 i5 - 6200U | 8GB 256GB SSD | 15,6"" 1920 x 1080 | Windows 10 Professional [A-]","""A-"" poleasingowy, przetestowany",Dell,Latitude 5580,Intel Core i5,"Drobne ryski, otarcia, poświatki","Normalne, delikatne ślady użytkowania","i5 - 6200U, 3MB Cache, 6 gen.",2,8GB,256GB,Windows 10 Professional,Nie,1920 x 1080,"15,6""",Zintegrowana,"Oryginalna, czas pracy od 2h do 4h (używana)",Windows 10 Professional,c,b,b,
4103,1,43,999,"Laptop Dell Latitude E5570 i5 - 6200U | 8GB 256GB SSD | 15,6"" 1920 x 1080 | Windows 10 Professional [A]","""A"" poleasingowy, przetestowany",Dell,Latitude E5570,Intel Core i5,Bez wad,Normalne ślady użytkowania,"i5 - 6200U, 3MB Cache, 6 gen.",2,8GB,256GB,Windows 10 Professional,Nie,1920 x 1080,"15,6""",Zintegrowana,"Oryginalna, czas pracy od 2h do 4h (używana)",Windows 10 Professional,c,b,b,
5247,1,106,999,"Laptop Lenovo ThinkPad T570 i5 - 6300U | 16GB 480GB SSD | 15,6"" 1920 x 1080 | Windows 10 Professional [A]","""A"" poleasingowy, przetestowany",Lenovo,ThinkPad T570,Intel Core i5,Bez wad,Minimalne ślady użytkowania,"i5 - 6300U, 3MB Cache, 6 gen.",2,16GB,480GB,Windows 10 Professional,Nie,1920 x 1080,"15,6""",Zintegrowana,"Oryginalna, czas pracy od 2h do 4h (używana)",Windows 10 Professional,c,b,b,
4345,1,20,1049,"Laptop Dell Latitude 5580 i5 - 6200U | 8GB 256GB SSD | 15,6"" 1920 x 1080 | Windows 10 Professional [A]","""A"" poleasingowy, przetestowany",Dell,Latitude 5580,Intel Core i5,Bez wad - NOWA MATRYCA FHD IPS!,"Normalne, delikatne ślady użytkowania","i5 - 6200U, 3MB Cache, 6 gen.",2,8GB,256GB,Windows 10 Professional,Nie,1920 x 1080,"15,6""",Zintegrowana,"Oryginalna, czas pracy od 2h do 4h (używana)",Windows 10 Professional,c,b,b,
4735,1,99,1049,"Laptop Lenovo ThinkPad T540p i5 - 4200M | 8GB 240GB SSD | 15,6"" 1920 x 1080 | Windows 10 Professional [A-]","""A-"" poleasingowy, przetestowany",Lenovo,ThinkPad T540p,Intel Core i5,Możliwe drobne przejaśnienia,"Normalne, delikatne ślady użytkowania","i5 - 4200M 3MB Cache, 4 gen",2,8GB,240GB,Windows 7 Professional,Nie,1920 x 1080,"15,6""",Zintegrowana,"Oryginalna, czas pracy od 1h do 2,5h (używana)",Windows 10 Professional,c,b,b,
5368,1,12,1099,"Laptop HP EliteBook 850 G3 i7-6500U,  | 8GB 120GB 320GB SSD+HDD | 15,6"" 1920 x 1080 | Windows 10 Professional [A-]","""A-"" poleasingowy, przetestowany",HP,EliteBook 850 G3,Intel Core i7,"Możliwe drobne ryski, otarcia, poświatki","Normalne, delikatne ślady użytkowania","i7 - 6500U, 4MB Cache, 6gen.",2,8GB,120GB,Windows 10 Professional,Nie,1920 x 1080,"15,6""",Zintegrowana,"Oryginalna, czas pracy od 2h do 4h (używana)",Windows 10 Professional,c,b,b,
5830,1,12,1199,"Laptop HP EliteBook 850 G3 i7-6500U,  | 8GB 120GB 320GB SSD+HDD | 15,6"" 1920 x 1080 | Windows 10 Professional [A]","""A"" poleasingowy, przetestowany",HP,EliteBook 850 G3,Intel Core i7,Bez wad,"Normalne, delikatne ślady użytkowania","i7 - 6500U, 4MB Cache, 6gen.",2,8GB,120GB,Windows 10 Professional,Nie,1920 x 1080,"15,6""",Zintegrowana,"Oryginalna, czas pracy od 2h do 4h (używana)",Windows 10 Professional,c,b,b,
4434,1,40,1199,"Laptop Dell Latitude 5580 i5 - 7200U | 16GB 480GB SSD | 15,6"" 1920 x 1080 | Windows 10 Professional [A]","""A"" poleasingowy, przetestowany",Dell,Latitude 5580,Intel Core i5,Bez wad,"Normalne, delikatne ślady użytkowania","i5 - 7200U, 3MB Cache, 7 gen.",2,16GB,480GB,Windows 10 Professional,Nie,1920 x 1080,"15,6""",Zintegrowana,"Oryginalna, czas pracy od 2h do 4h (używana)",Windows 10 Professional,c,b,b,
6207,1,15,1299,"Laptop HP ProBook 650 G2 i7 - 6600U | 8GB 240GB SSD | 15,6"" 1920 x 1080 | Windows 10 Professional [A]","""A"" poleasingowy, przetestowany",HP,ProBook 650 G2,Intel Core i7,Bez wad,"Normalne, delikatne ślady użytkowania","i7 - 6600U, 4MB Cache, 6 gen.",2,8GB,240GB,Windows 10 Professional,Nie,1920 x 1080,"15,6""",Zintegrowana,"Oryginalna, czas pracy od 1h do 2,5h (używana)",Windows 10 Professional,c,b,b,
4775,1,15,1539,"Laptop HP ProBook 650 G2 i7 - 6600U | 16GB 480GB SSD | 15,6"" 1920 x 1080 | Windows 10 Professional [A]","""A"" poleasingowy, przetestowany",HP,ProBook 650 G2,Intel Core i7,Bez wad,"Normalne, delikatne ślady użytkowania","i7 - 6600U, 4MB Cache, 6 gen.",2,16GB,480GB,Windows 10 Professional,Nie,1920 x 1080,"15,6""",Zintegrowana,"Oryginalna, czas pracy od 1h do 2,5h (używana)",Windows 10 Professional,c,b,c,
5065,1,15,1759,"Laptop HP ProBook 650 G2 i7 - 6600U | 16GB 960GB SSD | 15,6"" 1920 x 1080 | Windows 10 Professional [A]","""A"" poleasingowy, przetestowany",HP,ProBook 650 G2,Intel Core i7,Bez wad,"Normalne, delikatne ślady użytkowania","i7 - 6600U, 4MB Cache, 6 gen.",2,16GB,960GB,Windows 10 Professional,Nie,1920 x 1080,"15,6""",Zintegrowana,"Oryginalna, czas pracy od 1h do 2,5h (używana)",Windows 10 Professional,c,b,c,
4559,1,40,249,"Laptop HP Chromebook 11 G8 (10X47EA#UUW) | 4GB 32GB SSD | 11,6"" 1366 x 768 | Chrome OS [A-]","""A-"" poleasingowy, przetestowany",HP,Chromebook 11 G8 (10X47EA#UUW),Intel Celeron,"Możliwe delikatne ryski, otarcia, poświatki",Normalne ślady użytkowania,Celeron N4120,4,4GB,32GB,Chrome OS,Nie,1366 x 768,"11,6""",Zintegrowana,"Oryginalna, czas pracy min. 4h (używana)",Chrome OS,a,b,a,
5827,1,13,375,"Laptop HP Chromebook 11 G9 EE | 8GB 64GB | 11,6"" 1366 x 768 | Chrome OS [A-]","""A-"" poleasingowy, przetestowany",HP,Chromebook 11 G9 EE,Intel Celeron,"Drobne ryski, otarcia, poświatki","Normalne, małe ślady użytkowania, możliwy skin",,4,8GB,64GB,Chrome OS,Nie,1366 x 768,"11,6""",Zintegrowana,"Oryginalna, czas pracy min. 4h (używana)",Chrome OS,a,b,a,
5478,1,34,415,"Laptop HP EliteBook 725 G3 AMD PRO A8 | 8GB 120GB SSD | 12,5"" 1366 x 768 | Windows 10 Professional [A]","""A"" poleasingowy, przetestowany",HP,EliteBook 725 G3,Inny AMD,Bez wad,Normalne ślady użytkowania,AMD PRO A8-8600B,4,8GB,120GB,Windows 10 Professional,Nie,1366 x 768,"12,5""",Zintegrowana,"Oryginalna, czas pracy min. 1h (używana)",Windows 10 Professional,a,a,a,
6092,1,146,649,"Laptop Dell Latitude 5290 i5 - 8350U | 8GB 256GB SSD | 12,5"" 1366 x 768 | Windows 11 Pro [A-]","""A-"" poleasingowy, przetestowany",Dell,Latitude 5290,Intel Core i5,"Możliwe delikatne otarcia, poświatki,ryski","Normalne, małe ślady użytkowania","i5 - 8350U, 6MB Cache, 8 gen.",4,8GB,256GB,Windows 10 Professional,Nie,1366 x 768,"12,5""",Zintegrowana,"Oryginalna, czas pracy od 1h do 2,5h (używana)",Windows 11 Pro,a,a,a,
3867,1,146,699,"Laptop Dell Latitude 5290 i5 - 8350U | 8GB 256GB SSD | 12,5"" 1366 x 768 | Windows 11 Pro [A]","""A"" poleasingowy, przetestowany",Dell,Latitude 5290,Intel Core i5,Bez wad,"Normalne, małe ślady użytkowania","i5 - 8350U, 6MB Cache, 8 gen.",4,8GB,256GB,Windows 10 Professional,Nie,1366 x 768,"12,5""",Zintegrowana,"Oryginalna, czas pracy od 1h do 2,5h (używana)",Windows 11 Pro,a,a,b,
4059,1,38,799,"Laptop Fujitsu Lifebook U728 i7 - 8650U | 16GB 480GB SSD | 12,5"" 1920 x 1080 | Windows 10 lub Windows 11 Pro [A-]","""A-"" poleasingowy, przetestowany",Fujitsu,Lifebook U728,Intel Core i7,"Drobne otarcia, ryski, poświatki","Normalne ślady użytkowania, na klapie możliwy skin","i7 - 8650U, 8MB Cache, 8 gen.",4,16GB,480GB,Windows 10 Professional,Nie,1920 x 1080,"12,5""",Zintegrowana,"Oryginalna, czas pracy min. 1h (używana)",Windows 10 lub 11 Pro,a,a,b,
10361,1,150,799,"Laptop Fujitsu Lifebook P728 i5 - 8250U | 8GB 480GB SSD | 12,5"" 1920 x 1080 | Windows 10 lub 11 Pro [A]","""A"" poleasingowy, przetestowany",Fujitsu,Lifebook P728,Intel Core i5,"Mikro ślady użytkowania typowe dla ekranów dotykowych, klasa A","Normalne ślady użytkowania, na klapie możliwy skin","i5 - 8250U, 6MB Cache, 8 gen.",4,8GB,480GB,Windows 10 Professional,Tak,1920 x 1080,"12,5""",Zintegrowana,"Oryginalna, czas pracy minimum 1h (używana)",Windows 10 lub 11 Pro,a,a,b,
5717,1,33,849,"Laptop Fujitsu Lifebook U729 i7 - 8665U | 16GB 480GB SSD | 12,5"" 1920 x 1080 | Windows 11 Pro [A-]","""A-"" poleasingowy, przetestowany",Fujitsu,Lifebook U729,Intel Core i7,"Ryski, otarcia, poświatki","Normalne,małe ślady użytkowania","i7 - 8665U, 8MB Cache, 8 gen.",4,16GB,480GB,Windows 11 Pro,Tak,1920 x 1080,"12,5""",Zintegrowana,"Oryginalna, czas pracy min. 1,5h (używana)",Windows 11 Pro,a,a,b,
10413,1,90,549,"Laptop Dell Latitude 5300 i7 - 8665U | 8GB 256GB SSD | 13,3"" 1366 x 768 | Windows 11 Pro [A-]","""A-"" poleasingowy, przetestowany",Dell,Latitude 5300,Intel Core i7,"Możliwe ryski, otarcia, poświaty","Normalne,małe ślady użytkowania","i7 - 8665U, 8MB Cache, 8 gen.",4,8GB,256GB,Windows 10 Professional,Nie,1366 x 768,"13,3""",Zintegrowana,"Oryginalna, czas pracy minimum 1,5h (używana)",Windows 11 Pro,a,a,a,
5320,1,24,699,"Laptop HP EliteBook 830 G5 i5 - 8350U | 8GB 256GB SSD | 13,3"" 1920 x 1080 | Windows 11 Pro [A-]","""A-"" poleasingowy, przetestowany",HP,EliteBook 830 G5,Intel Core i5,"Występują poświatki, drobne ryski /  otarcia","Normalne, delikatne ślady użytkowania","i5 - 8350U, 6MB Cache, 8 gen.",4,8GB,256GB,Windows 10 Professional,Nie,1920 x 1080,"13,3""",Zintegrowana,"Oryginalna, czas pracy od 1h do 2,5h (używana)",Windows 11 Pro,a,a,b,
6020,1,27,699,"Laptop Lenovo ThinkPad L390 i5-8265U,  | 8GB 256GB SSD | 13,3"" 1366 x 768 | Windows 11 Pro [A-]","""A-"" poleasingowy, przetestowany",Lenovo,ThinkPad L390,Intel Core i5,"Występują drobne ryski, otarcia, poświaty","Normalne, małe ślady użytkowania","i5-8265U, 6MB Cache, 8 gen.",4,8GB,256GB,Windows 10 Professional,Nie,1366 x 768,"13,3""",Zintegrowana,"Oryginalna, czas pracy min. 1h (używana)",Windows 11 Pro,a,a,b,
10399,1,76,699,"Dotykowy Laptop Toshiba Portege X30L-J | 8GB 256GB SSD | 13,3"" 1920 x 1080 | Windows 11 Pro [A-]","""A-"" poleasingowy, przetestowany",Toshiba,Dynabook Portege X30L-J,Intel Core i5,Na całym ekranie widoczne obicia od klawiatury i poświatki,"Normalne ślady użytkowania, możliwy skin na klapie","i5 - 1135G7, 8MB Cache, 11gen.",4,8GB,256GB,Windows 10 Professional,Tak,1920 x 1080,"13,3""",Zintegrowana,"Oryginalna, czas pracy minimum 1h (używana)",Windows 11 Pro,a,a,b,
4731,1,98,699,"Laptop Dell Latitude 5300 i5 - 8365U | 8GB 256GB SSD | 13,3"" 1366 x 768 | Windows 11 Pro [A-]","""A-"" poleasingowy, przetestowany",Dell,Latitude 5300,Intel Core i5,"Możliwe ryski, otarcia, poświaty","Normalne,małe ślady użytkowania","i5 - 8365U, 6MB Cache, 8 gen.",4,8GB,256GB,Windows 10 Professional,Nie,1366 x 768,"13,3""",Zintegrowana,"Oryginalna, czas pracy min. 1,5h (używana)",Windows 11 Pro,a,a,b,
5396,1,38,749,"Laptop HP EliteBook 830 G5 i5 - 8350U | 8GB 256GB SSD | 13,3"" 1920 x 1080 | Windows 11 Pro [A-]","""A-"" poleasingowy, przetestowany",HP,EliteBook 830 G5,Intel Core i5,"Występują drobne ryski, otarcia, poświatki","Normalne, delikatne ślady użytkowania","i5 - 8350U, 6MB Cache, 8 gen.",4,8GB,256GB,Windows 10 Professional,Tak,1920 x 1080,"13,3""",Zintegrowana,"Oryginalna, czas pracy od 1h do 2,5h (używana)",Windows 11 Pro,a,a,b,
5132,1,10,799,"Laptop HP EliteBook 830 G5 i5 - 8350U | 8GB 256GB SSD | 13,3"" 1920 x 1080 | Windows 11 Pro [A]","""A"" poleasingowy, przetestowany",HP,EliteBook 830 G5,Intel Core i5,Bez wad matrycy,"Normalne, delikatne ślady użytkowania","i5 - 8350U, 6MB Cache, 8 gen.",4,8GB,256GB,Windows 10 Professional,Nie,1920 x 1080,"13,3""",Zintegrowana,"Oryginalna, czas pracy od 1h do 2,5h (używana)",Windows 11 Pro,a,a,b,
5502,1,24,799,"Laptop Lenovo ThinkPad L390 i5-8265U,  | 8GB 256GB SSD | 13,3"" 1366 x 768 | Windows 11 Pro [A]","""A"" poleasingowy, przetestowany",Lenovo,ThinkPad L390,Intel Core i5,Bez wad,"Normalne, małe ślady użytkowania","i5-8265U, 6MB Cache, 8 gen.",4,8GB,256GB,Windows 10 Professional,Nie,1366 x 768,"13,3""",Zintegrowana,"Oryginalna, czas pracy min. 1h (używana)",Windows 11 Pro,a,a,b,
6093,1,100,799,"Laptop Dell Latitude 5300 i5 - 8365U | 8GB 256GB SSD | 13,3"" 1366 x 768 | Windows 11 Pro [A]","""A"" poleasingowy, przetestowany",Dell,Latitude 5300,Intel Core i5,Bez wad,"Normalne,małe ślady użytkowania","i5 - 8365U, 6MB Cache, 8 gen.",4,8GB,256GB,Windows 10 Professional,Nie,1366 x 768,"13,3""",Zintegrowana,"Oryginalna, czas pracy min. 1,5h (używana)",Windows 11 Pro,a,a,b,
4315,1,36,849,"Laptop HP EliteBook 830 G5 i5 - 8350U | 8GB 256GB SSD | 13,3"" 1920 x 1080 | Windows 11 Pro [A]","""A"" poleasingowy, przetestowany",HP,EliteBook 830 G5,Intel Core i5,Bez wad matrycy,"Normalne, delikatne ślady użytkowania","i5 - 8350U, 6MB Cache, 8 gen.",4,8GB,256GB,Windows 10 Professional,Tak,1920 x 1080,"13,3""",Zintegrowana,"Oryginalna, czas pracy od 1h do 2,5h (używana)",Windows 11 Pro,a,a,b,
10402,1,100,849,"Laptop Dell Latitude 3390 2-in-1 i5 - 8250U | 8GB 256GB SSD | 13,3"" 1920 x 1080 | Windows 11 Pro [A-]","""A-"" poleasingowy, przetestowany",Dell,Latitude 3390 2-in-1,Intel Core i5,"Drobne ryski, otarcia, poświatki",Standardowe ślady użytkowania,"i5 - 8250U, 6MB Cache, 8 gen.",4,8GB,256GB,Windows 10 Professional,Tak,1920 x 1080,"13,3""",Zintegrowana,"Oryginalna, czas pracy minimum 1h (używana)",Windows 11 Pro,a,a,b,
10411,1,20,899,"Laptop HP EliteBook 830 G6 i7 - 8665U | 8GB 480GB SSD | 13,3"" 1920 x 1080 | Windows 11 Pro [A-]","""A-"" poleasingowy, przetestowany",HP,EliteBook 830 G6,Intel Core i7,"Występują ryski, otarcia, poświatki","Normalne, delikatne ślady użytkowania","i7 - 8665U, 8MB Cache, 8 gen.",4,8GB,480GB,Windows 10 Professional,Nie,1920 x 1080,"13,3""",Zintegrowana,"Oryginalna, czas pracy od 1h do 2,5h (używana)",Windows 11 Pro,a,a,b,
10412,1,20,899,"Laptop HP EliteBook 830 G6 i7 - 8665U | 8GB 480GB SSD | 13,3"" 1920 x 1080 | Windows 11 Pro [A]","""A"" poleasingowy, przetestowany",HP,EliteBook 830 G6,Intel Core i7,Bez wad,"Normalne, delikatne ślady użytkowania","i7 - 8665U, 8MB Cache, 8 gen.",4,8GB,480GB,Windows 10 Professional,Nie,1920 x 1080,"13,3""",Zintegrowana,"Oryginalna, czas pracy od 1h do 2,5h (używana)",Windows 11 Pro,a,a,b,
10414,1,98,899,"Laptop Dell Latitude 5300 i7 - 8665U | 8GB 256GB SSD | 13,3"" 1366 x 768 | Windows 11 Pro [A]","""A"" poleasingowy, przetestowany",Dell,Latitude 5300,Intel Core i7,Bez wad,"Normalne,małe ślady użytkowania","i7 - 8665U, 8MB Cache, 8 gen.",4,8GB,256GB,Windows 10 Professional,Nie,1366 x 768,"13,3""",Zintegrowana,"Oryginalna, czas pracy minimum 1,5h (używana)",Windows 11 Pro,a,a,b,
5172,1,11,500,"Laptop HP EliteBook mt43 | 8GB 128GB 500GB SSD+HDD | 14"" 1920 x 1080 | Windows 10 lub 11 Pro [A]","""A"" poleasingowy, przetestowany",HP,EliteBook mt43,Inny AMD,Bez wad,"Normalne,małe ślady użytkowania, ryski/otarcia na klapie",AMD A8-9600B,4,8GB,128GB,Windows 7 Professional,Nie,1920 x 1080,"14""",Zintegrowana,"Oryginalna, czas pracy min. 1h (używana)",Windows 10 lub 11 Pro,b,a,a,
4076,1,10,555,"Laptop HP EliteBook 745 G3 | 8GB 256GB SSD | 14"" 1920 x 1080 | Windows 10 Professional [A-]","""A-"" poleasingowy, przetestowany",HP,EliteBook 745 G3,Inny AMD,"Możliwe małe otarcia, poświatka",Normalne ślady użytkowania,A10 Pro A10,4,8GB,256GB,Windows 7 Professional,Nie,1920 x 1080,"14""",Zintegrowana,"Oryginalna, czas pracy min. 1h (używana)",Windows 10 Professional,b,a,a,
3869,1,247,599,"Laptop Lenovo ThinkPad A475 AMD PRO A1 | 8GB 256GB SSD | 14"" 1920 x 1080 | Windows 10 Pro / Windows 11 Pro [A-]","""A-"" poleasingowy, przetestowany",Lenovo,ThinkPad A475,Inny AMD,"Delikatne ryski, otarcia, poświatki",Normalne ślady użytkowania,AMD PRO A12-8830B,4,8GB,256GB,Windows 10 Professional,Tak,1920 x 1080,"14""",Zintegrowana,"Oryginalna, czas pracy min. 1h (używana)",Windows 10 lub 11 Pro,b,a,a,
5642,1,15,749,"Laptop HP EliteBook 840 G5 i5 - 8350U | 8GB 256GB SSD | 14"" 1920 x 1080 | Windows 11 Pro [A-]","""A-"" poleasingowy, przetestowany",HP,EliteBook 840 G5,Intel Core i5,"Możliwe drobne ryski, otarcia, poświatki",Normalne ślady użytkowania,"i5 - 8350U, 6MB Cache, 8 gen.",4,8GB,256GB,Windows 10 Professional,Nie,1920 x 1080,"14""",Zintegrowana,"Oryginalna, czas pracy min. 1h (używana)",Windows 11 Pro,b,a,b,
4542,1,19,799,"Laptop HP EliteBook 840 G6 i5 - 8350U | 8GB 256GB SSD | 14"" 1920 x 1080 | Windows 11 Pro [A-]","""A-"" poleasingowy, przetestowany",HP,EliteBook 840 G6,Intel Core i5,"Możliwe drobne ryski, otarcia, poświatki",Normalne ślady użytkowania,"i5 - 8350U, 6MB Cache, 8 gen.",4,8GB,256GB,Windows 10 Professional,Nie,1920 x 1080,"14""",Zintegrowana,"Oryginalna, czas pracy min. 1h (używana)",Windows 11 Pro,b,a,b,
5180,1,77,799,"Laptop Dell Latitude 5400 i5 - 8350U | 16GB 256GB SSD | 14"" 1920 x 1080 | Windows 11 Pro [A-]","""A-"" poleasingowy, przetestowany",Dell,Latitude 5400,Intel Core i5,"Występują delikatne otarcia, ryski, poświatki","Normalne, małe ślady użytkowania, na klapie oraz palmreście naklejony profesjonalnie wykonany skin","i5 - 8350U, 6MB Cache, 8 gen.",4,16GB,256GB,Windows 10 Professional,Tak,1920 x 1080,"14""",Zintegrowana,"Oryginalna, czas pracy min. 1h (używana)",Windows 11 Pro,b,a,b,
4744,1,498,799,"Laptop Lenovo ThinkPad T440p i7 - 4700M | 16GB 240GB SSD | 14"" 1920 x 1080 | Windows 10 Professional [A]","""A"" poleasingowy, przetestowany",Lenovo,ThinkPad T440p,Intel Core i7,Bez wad - NOWA MATRYCA,"Normalne, delikatne ślady użytkowania","i7 - 4700MQ, 6MB Cache, 4 gen.",4,16GB,240GB,Windows 7 Professional,Nie,1920 x 1080,"14""",Zintegrowana,Nowy zamiennik,Windows 10 Professional,b,a,b,
5537,1,10,899,"Laptop Dell Latitude 5490 i5 - 8350U | 8GB 256GB SSD | 14"" 1920 x 1080 | Windows 11 Pro [A-]","""A-"" poleasingowy, przetestowany",Dell,Latitude 5490,Intel Core i5,"Występują drobne ryski, otarcia, poświatki","Normalne,delikatne ślady użytkowania","i5 - 8350U, 6MB Cache, 8 gen.",4,8GB,256GB,Windows 10 Professional,Tak,1920 x 1080,"14""",Zintegrowana,"Oryginalna, czas pracy min. 1,5h (używana)",Windows 11 Pro,b,a,b,
6087,1,17,899,"Laptop Dell Latitude 7490 i5 - 8250U | 8GB 250GB SSD | 14"" 1920 x 1080 | Windows 11 [A-]","""A-"" poleasingowy, przetestowany",Dell,Latitude 7490,Intel Core i5,"Możliwe małe otarcia, poświatka",Normalne ślady użytkowania,"i5 - 8250U, 6MB Cache, 8 gen.",4,8GB,250GB,Windows 10 Professional,Nie,1920 x 1080,"14""",Zintegrowana,"Oryginalna, czas pracy od 1h do 2,5h (używana)",Windows 11 Pro,b,a,b,
4928,1,37,899,"Laptop HP EliteBook 840 G5 i5 - 8350U | 8GB 256GB SSD | 14"" 1920 x 1080 | Windows 11 Pro [A]","""A"" poleasingowy, przetestowany",HP,EliteBook 840 G5,Intel Core i5,Bez wad,Normalne ślady użytkowania,"i5 - 8350U, 6MB Cache, 8 gen.",4,8GB,256GB,Windows 10 Professional,Nie,1920 x 1080,"14""",Zintegrowana,"Oryginalna, czas pracy min. 1h (używana)",Windows 11 Pro,b,a,b,
5221,1,37,899,"Laptop Dell Latitude 3400 i5 - 8365U | 16GB 480GB 500GB SSD+HDD | 14"" 1920 x 1080 | Windows 11 Pro [A]","""A"" poleasingowy, przetestowany",Dell,Latitude 3400,Intel Core i5,Bez wad,Normalne ślady użytkowania,"i5 - 8365U, 6MB Cache, 8 gen.",4,16GB,480GB,Windows 10 Professional,Nie,1920 x 1080,"14""",Zintegrowana,"Oryginalna, czas pracy min. 1h (używana)",Windows 11 Pro,b,a,b,
3983,1,199,899,"Laptop Dell Latitude 5490 i5 - 8350U | 8GB 256GB SSD | 14"" 1366 x 768 | Windows 11 Pro [A-]","""A-"" poleasingowy, przetestowany",Dell,Latitude 5490,Intel Core i5,"Delikatne, ledwo widoczne otarcia, mikro poświatki","Normalne,delikatne ślady użytkowania","i5 - 8350U, 6MB Cache, 8 gen.",4,8GB,256GB,Windows 10 Professional,Nie,1366 x 768,"14""",Zintegrowana,"Oryginalna, czas pracy min. 1,5h (używana)",Windows 11 Pro,b,a,b,
4773,1,93,900,"Laptop Lenovo ThinkPad T480 i5 - 8350U | 8GB 256GB SSD | 14"" 1920 x 1080 | Windows 11 Pro [A-]","""A-"" poleasingowy, przetestowany",Lenovo,ThinkPad T480,Intel Core i5,"Możliwe drobne ryski, otarcia, poświatki",Normalne ślady użytkowania,"i5 - 8350U, 6MB Cache, 8 gen.",4,8GB,256GB,Windows 10 Professional,Nie,1920 x 1080,"14""",Zintegrowana,"Oryginalna, czas pracy min. 1,5h (używana)",Windows 11 Pro,b,a,b,
3832,1,31,949,"Laptop HP EliteBook 840 G6 i5 - 8350U | 8GB 256GB SSD | 14"" 1920 x 1080 | Windows 11 Pro [A]","""A"" poleasingowy, przetestowany",HP,EliteBook 840 G6,Intel Core i5,Bez wad - NOWA MATRYCA!,Normalne ślady użytkowania,"i5 - 8350U, 6MB Cache, 8 gen.",4,8GB,256GB,Windows 10 Professional,Nie,1920 x 1080,"14""",Zintegrowana,"Oryginalna, czas pracy min. 1h (używana)",Windows 11 Pro,b,a,b,
4306,1,37,949,"Laptop Dell Latitude 7490 i5 - 8250U | 8GB 250GB SSD | 14"" 1920 x 1080 | Windows 11 [A]","""A"" poleasingowy, przetestowany",Dell,Latitude 7490,Intel Core i5,Bez wad,Normalne ślady użytkowania,"i5 - 8250U, 6MB Cache, 8 gen.",4,8GB,250GB,Windows 10 Professional,Nie,1920 x 1080,"14""",Zintegrowana,"Oryginalna, czas pracy od 1h do 2,5h (używana)",Windows 11 Pro,b,a,b,
5101,1,44,999,"Laptop Dell Latitude 5400 i5 - 8350U | 8GB 256GB SSD | 14"" 1920 x 1080 | Windows 11 Pro [A-]","""A-"" poleasingowy, przetestowany",Dell,Latitude 5400,Intel Core i5,"Występują delikatne otarcia, ryski, poświatki","Normalne, małe ślady użytkowania, na klapie oraz palmreście naklejony profesjonalnie wykonany skin","i5 - 8350U, 6MB Cache, 8 gen.",4,8GB,256GB,Windows 10 Professional,Nie,1920 x 1080,"14""",Zintegrowana,"Oryginalna, czas pracy min. 1h (używana)",Windows 11 Pro,b,a,b,
4139,1,155,999,"Laptop Dell Latitude 5490 i5 - 8350U | 8GB 256GB SSD | 14"" 1920 x 1080 | Windows 11 Pro [A]","""A"" poleasingowy, przetestowany",Dell,Latitude 5490,Intel Core i5,Bez wad,"Normalne,delikatne ślady użytkowania","i5 - 8350U, 6MB Cache, 8 gen.",4,8GB,256GB,Windows 10 Professional,Nie,1920 x 1080,"14""",Zintegrowana,"Oryginalna, czas pracy min. 1,5h (używana)",Windows 11 Pro,b,a,b,
5213,1,99,1000,"Laptop Lenovo ThinkPad T490 i5-8265U,  | 8GB 256GB SSD | 14"" 1920 x 1080 | Windows 11 Pro [A-]","""A-"" poleasingowy, przetestowany",Lenovo,ThinkPad T490,Intel Core i5,"Możliwe drobne ryski, otarcia, poświatki",Normalne ślady użytkowania,"i5-8265U, 6MB Cache, 8 gen.",4,8GB,256GB,Windows 10 Professional,Nie,1920 x 1080,"14""",Zintegrowana,"Oryginalna, czas pracy min. 1h (używana)",Windows 11 Pro,b,a,b,
4579,1,171,1000,"Laptop Lenovo ThinkPad T480 i5 - 8350U | 8GB 256GB SSD | 14"" 1920 x 1080 | Windows 11 Pro [A]","""A"" poleasingowy, przetestowany",Lenovo,ThinkPad T480,Intel Core i5,Bez wad,Normalne ślady użytkowania,"i5 - 8350U, 6MB Cache, 8 gen.",4,8GB,256GB,Windows 10 Professional,Nie,1920 x 1080,"14""",Zintegrowana,"Oryginalna, czas pracy min. 1,5h (używana)",Windows 11 Pro,b,a,b,
4220,1,73,1100,"Laptop Lenovo ThinkPad T490 i5-8265U,  | 8GB 256GB SSD | 14"" 1920 x 1080 | Windows 11 Pro [A]","""A"" poleasingowy, przetestowany",Lenovo,ThinkPad T490,Intel Core i5,Bez wad,Normalne ślady użytkowania,"i5-8265U, 6MB Cache, 8 gen.",4,8GB,256GB,Windows 10 Professional,Nie,1920 x 1080,"14""",Zintegrowana,"Oryginalna, czas pracy min. 1h (używana)",Windows 11 Pro,b,a,b,
5749,1,24,1399,"Laptop Lenovo ThinkPad T480 i7 - 8650U | 16GB 480GB SSD | 14"" 1920 x 1080 | Windows 10 Professional [A-]","""A-"" poleasingowy, przetestowany",Lenovo,ThinkPad T480,Intel Core i7,Otarcia/ryski,Normalne ślady użytkowania,"i7 - 8650U, 8MB Cache, 8 gen.",4,16GB,480GB,Windows 10 Professional,Nie,1920 x 1080,"14""",Zintegrowana,"Oryginalna, czas pracy min. 1,5h (używana)",Windows 10 Professional,b,a,b,
10370,1,12,1449,"Laptop Dell Latitude 7410 i7 - 10610 | 16GB 256GB SSD | 14"" 1920 x 1080 | Windows 11 Pro [A-]","""A-"" poleasingowy, przetestowany",Dell,Latitude 7410,Intel Core i7,"Drobne ryski, otarcia, poświatki","Normalne,małe ślady uzytkowania, możliwy profesjonalnie przygotowany skin","i7 - 10610U, 8MB Cache, 10 gen.",4,16GB,256GB,Windows 11 Pro,Tak,1920 x 1080,"14""",Zintegrowana,"Oryginalna, czas pracy minimum 1h (używana)",Windows 11 Pro,b,a,c,
4855,1,34,1449,"Laptop Dell Latitude 7490 i7 - 8650U | 16GB 480GB SSD | 14"" 1920 x 1080 | Windows 11 [A]","""A"" poleasingowy, przetestowany",Dell,Latitude 7490,Intel Core i7,Bez wad,Normalne ślady użytkowania,"i7 - 8650U, 8MB Cache, 8 gen.",4,16GB,480GB,Windows 10 Professional,Nie,1920 x 1080,"14""",Zintegrowana,"Oryginalna, czas pracy od 1h do 2,5h (używana)",Windows 11 Pro,b,a,c,
5288,1,30,1499,"Laptop Dell Latitude 5400 i5 - 8350U | 16GB 480GB SSD | 14"" 1920 x 1080 | Windows 11 Pro [A]","""A"" poleasingowy, przetestowany",Dell,Latitude 5400,Intel Core i5,Bez wad,"Normalne, małe ślady użytkowania","i5 - 8350U, 6MB Cache, 8 gen.",4,16GB,480GB,Windows 10 Professional,Nie,1920 x 1080,"14""",Zintegrowana,"Oryginalna, czas pracy min. 1h (używana)",Windows 11 Pro,b,a,c,
5824,1,18,1849,"Laptop Lenovo ThinkPad T14s i7 - 10510 | 16GB 256GB SSD | 14"" 1920 x 1080 | Windows 11 Pro [A]","""A"" poleasingowy, przetestowany",Lenovo,ThinkPad T14s,Intel Core i7,Bez wad,"Normalne, małe ślady użytkowania","i7 - 10510U, 8MB Cache, 10 gen.",4,16GB,256GB,Windows 11 Pro,Tak,1920 x 1080,"14""",Zintegrowana,"Oryginalna, czas pracy od 1h do 2,5h (używana)",Windows 11 Pro,b,a,c,
10409,1,143,749,"Laptop Toshiba Dynabook Toshiba Tecra A50-EC i5 - 8250U | 8GB 256GB SSD | 15,6"" 1920 x 1080 | Windows 11 Pro [A-]","""A-"" poleasingowy, przetestowany",Toshiba,Dynabook Toshiba Tecra A50-EC,Intel Core i5,Małe ryski/poświatki,"Normalne, delikatne ślady użytkowania","i5 - 8250U, 6MB Cache, 8 gen.",4,8GB,256GB,Windows 10 Professional,Nie,1920 x 1080,"15,6""",Zintegrowana,"Oryginalna, czas pracy od 1h do 2,5h (używana)",Windows 11 Pro,c,a,b,
10359,1,20,799,"Laptop Fujitsu Lifebook E459 i5 - 8250U | 16GB 256GB SSD | 15,6"" 1920 x 1080 | Windows 10 lub 11 Pro [A-]","""A-"" poleasingowy, przetestowany",Fujitsu,Lifebook E459,Intel Core i5,"Drobne ryski, otarcia, poświaty","Normalne, delikatne ślady użytkowania, możliwy profesjonalnie wykonany skin!","i5 - 8250U, 6MB Cache, 8 gen.",4,16GB,256GB,Windows 10 Professional,Nie,1920 x 1080,"15,6""",Zintegrowana,"Oryginalna, czas pracy od 1h do 2,5h (używana)",Windows 10 lub 11 Pro,c,a,b,
10358,1,29,899,"Laptop Fujitsu Lifebook E459 i5 - 8250U | 16GB 256GB SSD | 15,6"" 1920 x 1080 | Windows 10 lub 11 Pro [A]","""A"" poleasingowy, przetestowany",Fujitsu,Lifebook E459,Intel Core i5,Bez wad,"Normalne, delikatne ślady użytkowania, możliwy profesjonalnie wykonany skin!","i5 - 8250U, 6MB Cache, 8 gen.",4,16GB,256GB,Windows 10 Professional,Nie,1920 x 1080,"15,6""",Zintegrowana,"Oryginalna, czas pracy od 1h do 2,5h (używana)",Windows 10 lub 11 Pro,c,a,b,
10410,1,150,949,"Laptop Toshiba Dynabook Toshiba Tecra A50-EC i5 - 8250U | 8GB 256GB SSD | 15,6"" 1920 x 1080 | Windows 11 Pro [A]","""A"" poleasingowy, przetestowany",Toshiba,Dynabook Toshiba Tecra A50-EC,Intel Core i5,Bez wad,"Normalne, delikatne ślady użytkowania","i5 - 8250U, 6MB Cache, 8 gen.",4,8GB,256GB,Windows 10 Professional,Nie,1920 x 1080,"15,6""",Zintegrowana,"Oryginalna, czas pracy od 1h do 2,5h (używana)",Windows 11 Pro,c,a,b,
10371,1,20,999,"Laptop Fujitsu Lifebook U758 i5 - 8350U | 16GB 256GB SSD | 15,6"" 1920 x 1080 | Windows 11 Pro [A-]","""A-"" poleasingowy, przetestowany",Fujitsu,Lifebook U758,Intel Core i5,"Drobne ryski, otarcia, poświatki",Normalne ślady użytkowania,"i5 - 8350U, 6MB Cache, 8 gen.",4,16GB,256GB,Windows 10 Professional,Tak,1920 x 1080,"15,6""",Zintegrowana,"Oryginalna, czas pracy minimum 1h (używana)",Windows 11 Pro,c,a,b,
4215,1,35,999,"Laptop Dell Latitude 5590 i5 - 8250U | 8GB 256GB SSD | 15,6"" 1920 x 1080 | Windows 11 Pro [A-]","""A-"" poleasingowy, przetestowany",Dell,Latitude 5590,Intel Core i5,"Delikatne otarcia, ryski, poświaty",Normalne ślady użytkowania,"i5 - 8250U, 6MB Cache, 8 gen.",4,8GB,256GB,Windows 10 Professional,Tak,1920 x 1080,"15,6""",Zintegrowana,"Oryginalna, czas pracy min. 1h (używana)",Windows 11 Pro,c,a,b,
6222,1,88,1249,"Laptop Dell Latitude 5500 i5-8265U,  | 8GB 480GB SSD | 15,6"" 1920 x 1080 | Windows 11 Pro [A]","""A"" poleasingowy, przetestowany",Dell,Latitude 5500,Intel Core i5,Bez wad,"Normalne, małe ślady użytkowania","i5-8265U, 6MB Cache, 8 gen.",4,8GB,480GB,Windows 10 Professional,Nie,1920 x 1080,"15,6""",Zintegrowana,"Oryginalna, czas pracy min. 1h (używana)",Windows 11 Pro,c,a,b,
5352,1,48,1399,"Laptop Dell Latitude 5590 i5 - 8250U | 8GB 256GB SSD | 15,6"" 1920 x 1080 | Windows 11 Pro [A]","""A"" poleasingowy, przetestowany",Dell,Latitude 5590,Intel Core i5,Bez wad,Normalne ślady użytkowania,"i5 - 8250U, 6MB Cache, 8 gen.",4,8GB,256GB,Windows 10 Professional,Tak,1920 x 1080,"15,6""",Zintegrowana,"Oryginalna, czas pracy min. 1h (używana)",Windows 11 Pro,c,a,b,
5683,1,54,1499,"Laptop Dell Precision 5510 i7 - 6820H | 16GB 128GB 500GB SSD+HDD | 15,6"" 3840 x 2160 | Windows 10 lub 11 Pro [A-]","""A-"" poleasingowy, przetestowany",Dell,Precision 5510,Intel Core i7,"Możliwe małe otarcia, poświatki","Normalne, małe ślady użytkowania","i7 - 6820HQ, 8MB Cache, 6 gen.",4,16GB,128GB,Windows 7 Professional,Tak,3840 x 2160,"15,6""",Zintegrowana,"Oryginalna, czas pracy min. 1h (używana)",Windows 10 lub 11 Pro,c,a,c,
10400,1,50,1549,"Laptop HP EliteBook 850 G6 i7 - 8650U | 8GB 256GB SSD | 15,6"" 1920 x 1080 | Windows 11 Pro [A-]","""A-"" poleasingowy, przetestowany",HP,EliteBook 850 G6,Intel Core i7,"Występują drobne ryski, otarcia, możliwe poświatki","Normalne, małe ślady użytkowania","i7 - 8650U, 8MB Cache, 8 gen.",4,8GB,256GB,Windows 10 Professional,Nie,1920 x 1080,"15,6""",Zintegrowana,"Oryginalna, czas pracy minimum 1h (używana)",Windows 11 Pro,c,a,c,
5689,1,24,1599,"Laptop HP EliteBook 850 G7 i5 - 10310 | 16GB 256GB SSD | 15,6"" 1920 x 1080 | Windows 11 Pro [A-]","""A-"" poleasingowy, przetestowany",HP,EliteBook 850 G7,Intel Core i5,"Drobne ryski, otarcia, możliwe delikatne poświatki",Standardowe ślady użytkowania,"i5 - 10310U, 6MB Cache, 10 gen.",4,16GB,256GB,Windows 10 Professional,Tak,1920 x 1080,"15,6""",Zintegrowana,"Oryginalna, czas pracy min. 1h (używana)",Windows 11 Pro,c,a,c,
4660,1,28,1599,"Laptop Lenovo ThinkPad T590 i5 - 8365U | 16GB 512GB SSD | 15,6"" 1920 x 1080 | Windows 11 Pro [A]","""A"" poleasingowy, przetestowany",Lenovo,ThinkPad T590,Intel Core i5,Bez wad,"Normalne, małe ślady użytkowania","i5 - 8365U, 6MB Cache, 8 gen.",4,16GB,512GB,Windows 10 Professional,Nie,1920 x 1080,"15,6""",Zintegrowana,"Oryginalna, czas pracy od 1h do 2,5h (używana)",Windows 11 Pro,c,a,c,
3864,1,19,1699,"Laptop Dell Latitude 5520 i5 - 1135G | 16GB 480GB SSD | 15,6"" 1920 x 1080 | Windows 11 Pro [A]","""A"" poleasingowy, przetestowany",Dell,Latitude 5520,Intel Core i5,Bez wad,"Normalne, małe ślady użytkowania","i5 - 1135G7, 8MB Cache, 11 gen.",4,16GB,480GB,Windows 10 Professional,Nie,1920 x 1080,"15,6""",Zintegrowana,"Oryginalna, czas pracy min. 1h (używana)",Windows 11 Pro,c,a,c,
3949,1,45,1699,"Laptop Dell Precision 5510 i7 - 6820H | 16GB 128GB 500GB SSD+HDD | 15,6"" 3840 x 2160 | Windows 10 lub 11 Pro [A]","""A"" poleasingowy, przetestowany",Dell,Precision 5510,Intel Core i7,Bez wad,"Normalne, małe ślady użytkowania","i7 - 6820HQ, 8MB Cache, 6 gen.",4,16GB,128GB,Windows 7 Professional,Tak,3840 x 2160,"15,6""",Zintegrowana,"Oryginalna, czas pracy min. 1h (używana)",Windows 10 lub 11 Pro,c,a,c,
5446,1,30,1749,"Laptop HP EliteBook 850 G7 i5 - 10310 | 16GB 256GB SSD | 15,6"" 1920 x 1080 | Windows 11 Pro [A]","""A"" poleasingowy, przetestowany",HP,EliteBook 850 G7,Intel Core i5,Bez wad,Standardowe ślady użytkowania,"i5 - 10310U, 6MB Cache, 10 gen.",4,16GB,256GB,Windows 10 Professional,Tak,1920 x 1080,"15,6""",Zintegrowana,"Oryginalna, czas pracy min. 1h (używana)",Windows 11 Pro,c,a,c,
3913,1,30,1999,"Laptop Dell Latitude 5590 i5 - 8350U | 16GB 512GB SSD | 15,6"" 1920 x 1080 | Windows 11 Pro [A]","""A"" poleasingowy, przetestowany",Dell,Latitude 5590,Intel Core i5,Nowa matryca FHD IPS - bez wad!,Minimalne ślady użytkowania - Różowa Klapa,"i5 - 8350U, 6MB Cache, 8 gen.",4,16GB,512GB,Windows 10 Professional,Nie,1920 x 1080,"15,6""",Zintegrowana,Nowy zamiennik,Windows 11 Pro,c,a,c,
4350,1,30,1999,"Laptop Dell Latitude 5590 i5 - 8250U | 16GB 512GB SSD | 15,6"" 1920 x 1080 | Windows 11 Pro [A]","""A"" poleasingowy, przetestowany",Dell,Latitude 5590,Intel Core i5,Nowa matryca FHD IPS - bez wad!,Klapa matrycy odnowiona - w kolorze niebieskim! Minimalne ślady użytkowania,"i5 - 8250U, 6MB Cache, 8 gen.",4,16GB,512GB,Windows 10 Professional,Nie,1920 x 1080,"15,6""",Zintegrowana,Nowy zamiennik,Windows 11 Pro,c,a,c,
5063,1,30,1999,"Laptop Dell Latitude 5590 i5 - 8250U | 16GB 512GB SSD | 15,6"" 1920 x 1080 | Windows 11 Pro [A]","""A"" poleasingowy, przetestowany",Dell,Latitude 5590,Intel Core i5,Nowa matryca FHD IPS - bez wad!,Klapa matrycy odnowiona - w kolorze czerwonym! Minimalne ślady użytkowania,"i5 - 8250U, 6MB Cache, 8 gen.",4,16GB,512GB,Windows 10 Professional,Nie,1920 x 1080,"15,6""",Zintegrowana,Nowy zamiennik,Windows 11 Pro,c,a,c,
3876,1,36,2299,"Laptop HP ZBook Fury 17 G7 i5 - 10400 | 16GB 240GB 1TB SSD+HDD | 17,3"" 1920 x 1080 | Windows 11 Pro [A]","""A"" poleasingowy, przetestowany",HP,ZBook Fury 17 G7,Intel Core i5,Bez wad,Normalne ślady użytkowania,"i5 - 10400H, 8MB Cache, 10 gen.",4,16GB,240GB,Windows 11 Pro,Nie,1920 x 1080,"17,3""",Zintegrowana,"Oryginalna, czas pracy min. 1h (używana)",Windows 11 Pro,c,a,c,
5743,1,10,4499,"Laptop Dell Precision 7750 i7 - 10850H | 32GB 512GB SSD | 17,3"" 1920 x 1080 | Windows 11 Pro [A]","""A"" poleasingowy, przetestowany",Dell,Precision 7750,Intel Core i7,Bez wad,Normalne ślady użytkowania,"i7 - 10850H , 12MB Cache, 10 gen.",6,32GB,512GB,Windows 11 Pro,Nie,1920 x 1080,"17,3""",Zintegrowana,"Oryginalna, czas pracy min. 1,5h (używana)",Windows 11 Pro,c,a,c,
5570,1,39,1399,"Laptop Dell Latitude 5410 i5 - 10310 | 16GB 480GB SSD | 14"" 1366 x 768 | Windows 11 Pro [A]","""A"" poleasingowy, przetestowany",Dell,Latitude 5410,Intel Core i5,Bez wad,"Normalne, małe ślady użytkowania","i5 - 10310U, 6MB Cache, 10 gen.",,16GB,480GB,Windows 11 Pro,Nie,1366 x 768,"14""",Zintegrowana,"Oryginalna, czas pracy min. 1h (używana)",Windows 11 Pro,b,,b,
10404,1,130,1299,"Laptop Toshiba Dynabook Tecra A50-J i5 - 1135G | 8GB 256GB SSD | 15,6"" 1920 x 1080 | Windows 11 Pro [A-]","""A-"" poleasingowy, przetestowany",Toshiba,Dynabook Tecra A50-J,Intel Core i5,"Delikatne mikro otarcia, praktycznie niewidoczne przy włączonym ekranie, nie mają wpływu na komfort pracy!","Normalne, delikatne ślady użytkowania","i5 - 1135G7, 8MB Cache, 11 gen.",,8GB,256GB,Windows 10 Professional,Nie,1920 x 1080,"15,6""",Zintegrowana,"Oryginalna, czas pracy od 1h do 2,5h (używana)",Windows 11 Pro,c,a,b,
10403,1,130,1499,"Laptop Toshiba Dynabook Tecra A50-J i5 - 1135G | 8GB 256GB SSD | 15,6"" 1920 x 1080 | Windows 11 Pro [A]","""A"" poleasingowy, przetestowany",Toshiba,Dynabook Tecra A50-J,Intel Core i5,Bez wad,"Normalne, delikatne ślady użytkowania","i5 - 1135G7, 8MB Cache, 11 gen.",,8GB,256GB,Windows 10 Professional,Nie,1920 x 1080,"15,6""",Zintegrowana,"Oryginalna, czas pracy od 1h do 2,5h (używana)",Windows 11 Pro,c,a,c,
